transfer_direction,population,model,bin_index,requested_n_bins,actual_n_bins,predicted_probability_mean,observed_burned_fraction,row_count,positive_count
manavgat_2021_to_montiferru_2021,all_valid,baseline,0,10,10,0.01968970691181996,0.1069182389937107,318,34
manavgat_2021_to_montiferru_2021,all_valid,baseline,1,10,10,0.0931294939746549,0.21451104100946372,317,68
manavgat_2021_to_montiferru_2021,all_valid,baseline,2,10,10,0.1324555057159729,0.2113564668769716,317,67
manavgat_2021_to_montiferru_2021,all_valid,baseline,3,10,10,0.16729323139167496,0.2082018927444795,317,66
manavgat_2021_to_montiferru_2021,all_valid,baseline,4,10,10,0.20601435776155153,0.2641509433962264,318,84
manavgat_2021_to_montiferru_2021,all_valid,baseline,5,10,10,0.26727501702226475,0.1861198738170347,317,59
manavgat_2021_to_montiferru_2021,all_valid,baseline,6,10,10,0.3830639754195727,0.24605678233438485,317,78
manavgat_2021_to_montiferru_2021,all_valid,baseline,7,10,10,0.5629840245992098,0.2870662460567823,317,91
manavgat_2021_to_montiferru_2021,all_valid,baseline,8,10,10,0.7343207635826283,0.2334384858044164,317,74
manavgat_2021_to_montiferru_2021,all_valid,baseline,9,10,10,0.889864214731146,0.2389937106918239,318,76
manavgat_2021_to_montiferru_2021,all_valid,thermal,0,10,10,0.07060070604715657,0.2578616352201258,318,82
manavgat_2021_to_montiferru_2021,all_valid,thermal,1,10,10,0.11923524136909822,0.17350157728706625,317,55
manavgat_2021_to_montiferru_2021,all_valid,thermal,2,10,10,0.14954229275168066,0.14511041009463724,317,46
manavgat_2021_to_montiferru_2021,all_valid,thermal,3,10,10,0.19215847093345048,0.2082018927444795,317,66
manavgat_2021_to_montiferru_2021,all_valid,thermal,4,10,10,0.24764248178884957,0.22955974842767296,318,73
manavgat_2021_to_montiferru_2021,all_valid,thermal,5,10,10,0.30776274832091083,0.1861198738170347,317,59
manavgat_2021_to_montiferru_2021,all_valid,thermal,6,10,10,0.37384484690210557,0.25236593059936907,317,80
manavgat_2021_to_montiferru_2021,all_valid,thermal,7,10,10,0.45236980220204903,0.1892744479495268,317,60
manavgat_2021_to_montiferru_2021,all_valid,thermal,8,10,10,0.5823677624900522,0.24921135646687698,317,79
manavgat_2021_to_montiferru_2021,all_valid,thermal,9,10,10,0.7631954497107679,0.3050314465408805,318,97
manavgat_2021_to_montiferru_2021,burnable_tree_shrub,baseline,0,10,10,0.08356117259209002,0.30538922155688625,167,51
manavgat_2021_to_montiferru_2021,burnable_tree_shrub,baseline,1,10,10,0.12233431650896029,0.1317365269461078,167,22
manavgat_2021_to_montiferru_2021,burnable_tree_shrub,baseline,2,10,10,0.14922750935930124,0.24550898203592814,167,41
manavgat_2021_to_montiferru_2021,burnable_tree_shrub,baseline,3,10,10,0.21137320638428334,0.20958083832335328,167,35
manavgat_2021_to_montiferru_2021,burnable_tree_shrub,baseline,4,10,10,0.30648553820923435,0.23952095808383234,167,40
manavgat_2021_to_montiferru_2021,burnable_tree_shrub,baseline,5,10,10,0.38547310025019144,0.23952095808383234,167,40
manavgat_2021_to_montiferru_2021,burnable_tree_shrub,baseline,6,10,10,0.4549971152251554,0.17365269461077845,167,29
manavgat_2021_to_montiferru_2021,burnable_tree_shrub,baseline,7,10,10,0.5818947141507997,0.2994011976047904,167,50
manavgat_2021_to_montiferru_2021,burnable_tree_shrub,baseline,8,10,10,0.716199230248573,0.2275449101796407,167,38
manavgat_2021_to_montiferru_2021,burnable_tree_shrub,baseline,9,10,10,0.8458171189309226,0.19760479041916168,167,33
manavgat_2021_to_montiferru_2021,burnable_tree_shrub,thermal,0,10,10,0.05283673381217854,0.2934131736526946,167,49
manavgat_2021_to_montiferru_2021,burnable_tree_shrub,thermal,1,10,10,0.12637262878299885,0.2215568862275449,167,37
manavgat_2021_to_montiferru_2021,burnable_tree_shrub,thermal,2,10,10,0.18447938026971475,0.2275449101796407,167,38
manavgat_2021_to_montiferru_2021,burnable_tree_shrub,thermal,3,10,10,0.23076638199937127,0.20958083832335328,167,35
manavgat_2021_to_montiferru_2021,burnable_tree_shrub,thermal,4,10,10,0.2689664166020843,0.23952095808383234,167,40
manavgat_2021_to_montiferru_2021,burnable_tree_shrub,thermal,5,10,10,0.30396068080051486,0.19161676646706588,167,32
manavgat_2021_to_montiferru_2021,burnable_tree_shrub,thermal,6,10,10,0.34268724493095526,0.11377245508982035,167,19
manavgat_2021_to_montiferru_2021,burnable_tree_shrub,thermal,7,10,10,0.3900873673482887,0.17365269461077845,167,29
manavgat_2021_to_montiferru_2021,burnable_tree_shrub,thermal,8,10,10,0.4727837358434429,0.23952095808383234,167,40
manavgat_2021_to_montiferru_2021,burnable_tree_shrub,thermal,9,10,10,0.6612903197310244,0.3592814371257485,167,60
manavgat_2021_to_montiferru_2021,burnable_tree_shrub_grass,baseline,0,10,10,0.08563170717989237,0.18823529411764706,255,48
manavgat_2021_to_montiferru_2021,burnable_tree_shrub_grass,baseline,1,10,10,0.12969949199097233,0.1889763779527559,254,48
manavgat_2021_to_montiferru_2021,burnable_tree_shrub_grass,baseline,2,10,10,0.16686641946579006,0.2047244094488189,254,52
manavgat_2021_to_montiferru_2021,burnable_tree_shrub_grass,baseline,3,10,10,0.20965599073879865,0.17254901960784313,255,44
manavgat_2021_to_montiferru_2021,burnable_tree_shrub_grass,baseline,4,10,10,0.2596586632913289,0.2204724409448819,254,56
manavgat_2021_to_montiferru_2021,burnable_tree_shrub_grass,baseline,5,10,10,0.33559168582943455,0.17716535433070865,254,45
manavgat_2021_to_montiferru_2021,burnable_tree_shrub_grass,baseline,6,10,10,0.45977529173267073,0.23529411764705882,255,60
manavgat_2021_to_montiferru_2021,burnable_tree_shrub_grass,baseline,7,10,10,0.6331913325415658,0.23622047244094488,254,60
manavgat_2021_to_montiferru_2021,burnable_tree_shrub_grass,baseline,8,10,10,0.7694370953173706,0.2677165354330709,254,68
manavgat_2021_to_montiferru_2021,burnable_tree_shrub_grass,baseline,9,10,10,0.8962981026702581,0.22745098039215686,255,58
manavgat_2021_to_montiferru_2021,burnable_tree_shrub_grass,thermal,0,10,10,0.0658397079802327,0.24705882352941178,255,63
manavgat_2021_to_montiferru_2021,burnable_tree_shrub_grass,thermal,1,10,10,0.13078435457168358,0.21653543307086615,254,55
manavgat_2021_to_montiferru_2021,burnable_tree_shrub_grass,thermal,2,10,10,0.17135877476981862,0.20078740157480315,254,51
manavgat_2021_to_montiferru_2021,burnable_tree_shrub_grass,thermal,3,10,10,0.20795007756847053,0.18823529411764706,255,48
manavgat_2021_to_montiferru_2021,burnable_tree_shrub_grass,thermal,4,10,10,0.2491770005618575,0.19291338582677164,254,49
manavgat_2021_to_montiferru_2021,burnable_tree_shrub_grass,thermal,5,10,10,0.29618476279563416,0.16535433070866143,254,42
manavgat_2021_to_montiferru_2021,burnable_tree_shrub_grass,thermal,6,10,10,0.3593267374335023,0.12941176470588237,255,33
manavgat_2021_to_montiferru_2021,burnable_tree_shrub_grass,thermal,7,10,10,0.4621422755440014,0.22440944881889763,254,57
manavgat_2021_to_montiferru_2021,burnable_tree_shrub_grass,thermal,8,10,10,0.5957522666069843,0.2440944881889764,254,62
manavgat_2021_to_montiferru_2021,burnable_tree_shrub_grass,thermal,9,10,10,0.759492352981262,0.30980392156862746,255,79
montiferru_2021_to_manavgat_2021,all_valid,baseline,0,10,10,0.0010491860541125475,0.055532532117695814,2413,134
montiferru_2021_to_manavgat_2021,all_valid,baseline,1,10,10,0.020726365244413552,0.15592515592515593,2405,375
montiferru_2021_to_manavgat_2021,all_valid,baseline,2,10,10,0.19690367289769245,0.26411960132890366,2408,636
montiferru_2021_to_manavgat_2021,all_valid,baseline,3,10,10,0.40026503153004284,0.26068908260689083,2409,628
montiferru_2021_to_manavgat_2021,all_valid,baseline,4,10,10,0.5386965103892257,0.11581569115815692,2409,279
montiferru_2021_to_manavgat_2021,all_valid,baseline,5,10,10,0.6386902553333241,0.09759136212624585,2408,235
montiferru_2021_to_manavgat_2021,all_valid,baseline,6,10,10,0.738410302371098,0.1004566210045662,2409,242
montiferru_2021_to_manavgat_2021,all_valid,baseline,7,10,10,0.8396668795729312,0.09759136212624585,2408,235
montiferru_2021_to_manavgat_2021,all_valid,baseline,8,10,10,0.9016272289242069,0.05645496056454961,2409,136
montiferru_2021_to_manavgat_2021,all_valid,baseline,9,10,10,0.9397633505561919,0.06060606060606061,2409,146
montiferru_2021_to_manavgat_2021,all_valid,thermal,0,10,10,0.007775739966626126,0.05105853051058531,2409,123
montiferru_2021_to_manavgat_2021,all_valid,thermal,1,10,10,0.06512755818384662,0.18638439186384392,2409,449
montiferru_2021_to_manavgat_2021,all_valid,thermal,2,10,10,0.1651569049432755,0.15988372093023256,2408,385
montiferru_2021_to_manavgat_2021,all_valid,thermal,3,10,10,0.35053087287455237,0.1598173515981735,2409,385
montiferru_2021_to_manavgat_2021,all_valid,thermal,4,10,10,0.47279201710640917,0.1751764217517642,2409,422
montiferru_2021_to_manavgat_2021,all_valid,thermal,5,10,10,0.548244673982621,0.14493355481727574,2408,349
montiferru_2021_to_manavgat_2021,all_valid,thermal,6,10,10,0.611982632384156,0.13158987131589872,2409,317
montiferru_2021_to_manavgat_2021,all_valid,thermal,7,10,10,0.6737662991327489,0.09593023255813954,2408,231
montiferru_2021_to_manavgat_2021,all_valid,thermal,8,10,10,0.7324737817588346,0.091324200913242,2409,220
montiferru_2021_to_manavgat_2021,all_valid,thermal,9,10,10,0.7988896482324135,0.0684931506849315,2409,165
montiferru_2021_to_manavgat_2021,burnable_tree_shrub,baseline,0,10,10,0.12181107639555272,0.23037323037323038,1554,358
montiferru_2021_to_manavgat_2021,burnable_tree_shrub,baseline,1,10,10,0.30059432069967434,0.27413127413127414,1554,426
montiferru_2021_to_manavgat_2021,burnable_tree_shrub,baseline,2,10,10,0.41712539460153264,0.29987129987129985,1554,466
montiferru_2021_to_manavgat_2021,burnable_tree_shrub,baseline,3,10,10,0.5399081745576254,0.2041210560206053,1553,317
montiferru_2021_to_manavgat_2021,burnable_tree_shrub,baseline,4,10,10,0.6615552269408225,0.10739549839228296,1555,167
montiferru_2021_to_manavgat_2021,burnable_tree_shrub,baseline,5,10,10,0.7244381395099854,0.06503541532517708,1553,101
montiferru_2021_to_manavgat_2021,burnable_tree_shrub,baseline,6,10,10,0.7793426183457072,0.07083065035415326,1553,110
montiferru_2021_to_manavgat_2021,burnable_tree_shrub,baseline,7,10,10,0.8279169228753805,0.0888030888030888,1554,138
montiferru_2021_to_manavgat_2021,burnable_tree_shrub,baseline,8,10,10,0.8829168966717182,0.07078507078507079,1554,110
montiferru_2021_to_manavgat_2021,burnable_tree_shrub,baseline,9,10,10,0.9355563954977374,0.06692406692406692,1554,104
montiferru_2021_to_manavgat_2021,burnable_tree_shrub,thermal,0,10,10,0.02749688813089714,0.11840411840411841,1554,184
montiferru_2021_to_manavgat_2021,burnable_tree_shrub,thermal,1,10,10,0.20265245698380335,0.18082368082368083,1554,281
montiferru_2021_to_manavgat_2021,burnable_tree_shrub,thermal,2,10,10,0.36697152676028877,0.24774774774774774,1554,385
montiferru_2021_to_manavgat_2021,burnable_tree_shrub,thermal,3,10,10,0.4464065658537019,0.21828718609143594,1553,339
montiferru_2021_to_manavgat_2021,burnable_tree_shrub,thermal,4,10,10,0.5070276892805661,0.18725868725868725,1554,291
montiferru_2021_to_manavgat_2021,burnable_tree_shrub,thermal,5,10,10,0.5592388626201374,0.13513513513513514,1554,210
montiferru_2021_to_manavgat_2021,burnable_tree_shrub,thermal,6,10,10,0.609178542458864,0.11268512556342562,1553,175
montiferru_2021_to_manavgat_2021,burnable_tree_shrub,thermal,7,10,10,0.6579969859592264,0.09523809523809523,1554,148
montiferru_2021_to_manavgat_2021,burnable_tree_shrub,thermal,8,10,10,0.7079029269884509,0.1048906048906049,1554,163
montiferru_2021_to_manavgat_2021,burnable_tree_shrub,thermal,9,10,10,0.7825634901252246,0.07786357786357787,1554,121
montiferru_2021_to_manavgat_2021,burnable_tree_shrub_grass,baseline,0,10,10,0.029296965778441895,0.22855750487329435,2052,469
montiferru_2021_to_manavgat_2021,burnable_tree_shrub_grass,baseline,1,10,10,0.2433767144490021,0.2925402242808386,2051,600
montiferru_2021_to_manavgat_2021,burnable_tree_shrub_grass,baseline,2,10,10,0.4169757546629831,0.2613359336908825,2051,536
montiferru_2021_to_manavgat_2021,burnable_tree_shrub_grass,baseline,3,10,10,0.5148826814810145,0.09579100145137881,2067,198
montiferru_2021_to_manavgat_2021,burnable_tree_shrub_grass,baseline,4,10,10,0.5620191014601803,0.10417690417690417,2035,212
montiferru_2021_to_manavgat_2021,burnable_tree_shrub_grass,baseline,5,10,10,0.6645757690375392,0.1340809361287177,2051,275
montiferru_2021_to_manavgat_2021,burnable_tree_shrub_grass,baseline,6,10,10,0.7953716934928917,0.12091662603607996,2051,248
montiferru_2021_to_manavgat_2021,burnable_tree_shrub_grass,baseline,7,10,10,0.8715524175143681,0.06923451974646513,2051,142
montiferru_2021_to_manavgat_2021,burnable_tree_shrub_grass,baseline,8,10,10,0.9075459992989199,0.06767283349561831,2054,139
montiferru_2021_to_manavgat_2021,burnable_tree_shrub_grass,baseline,9,10,10,0.9421157741590496,0.056640625,2048,116
montiferru_2021_to_manavgat_2021,burnable_tree_shrub_grass,thermal,0,10,10,0.08844663868166258,0.20321637426900585,2052,417
montiferru_2021_to_manavgat_2021,burnable_tree_shrub_grass,thermal,1,10,10,0.20767802494318088,0.20185275475377865,2051,414
montiferru_2021_to_manavgat_2021,burnable_tree_shrub_grass,thermal,2,10,10,0.3434574317303096,0.17893710385177963,2051,367
montiferru_2021_to_manavgat_2021,burnable_tree_shrub_grass,thermal,3,10,10,0.4381536929871847,0.12335446123842028,2051,253
montiferru_2021_to_manavgat_2021,burnable_tree_shrub_grass,thermal,4,10,10,0.49899454600494547,0.16918576304241834,2051,347
montiferru_2021_to_manavgat_2021,burnable_tree_shrub_grass,thermal,5,10,10,0.5603992760500736,0.16040955631399317,2051,329
montiferru_2021_to_manavgat_2021,burnable_tree_shrub_grass,thermal,6,10,10,0.6226034162252784,0.1355436372501219,2051,278
montiferru_2021_to_manavgat_2021,burnable_tree_shrub_grass,thermal,7,10,10,0.6752563846712712,0.0901999024865919,2051,185
montiferru_2021_to_manavgat_2021,burnable_tree_shrub_grass,thermal,8,10,10,0.7188151335645301,0.09458800585080449,2051,194
montiferru_2021_to_manavgat_2021,burnable_tree_shrub_grass,thermal,9,10,10,0.7847571037909974,0.07362262311067772,2051,151
