analysis_id,direction,series,n_valid,n_requested,bootstrap_unstable,ci_2_5,ci_97_5,mean,median
2843b998c142c98d266cbb16e299412fcf6b15cefd7f5c6f600dca321500107c,mugla_2021_to_manavgat_2021,roc_auc__within_baseline,1000,1000,False,0.8308795205673329,0.8511486406522597,0.8413792969976982,0.8414545343630743
2843b998c142c98d266cbb16e299412fcf6b15cefd7f5c6f600dca321500107c,mugla_2021_to_manavgat_2021,pr_auc__within_baseline,1000,1000,False,0.4414327706193686,0.5013782079611082,0.4709201350039085,0.4708634633268832
2843b998c142c98d266cbb16e299412fcf6b15cefd7f5c6f600dca321500107c,mugla_2021_to_manavgat_2021,roc_auc__within_thermal,1000,1000,False,0.8998280741144038,0.9155196449645825,0.9080937281643187,0.9083887259247168
2843b998c142c98d266cbb16e299412fcf6b15cefd7f5c6f600dca321500107c,mugla_2021_to_manavgat_2021,pr_auc__within_thermal,1000,1000,False,0.6152598551123337,0.6724335093709514,0.6455972756828827,0.64589567273069
2843b998c142c98d266cbb16e299412fcf6b15cefd7f5c6f600dca321500107c,mugla_2021_to_manavgat_2021,roc_auc__raw_source_only_baseline,1000,1000,False,0.40769257367130446,0.4374351255743125,0.4222426671172561,0.42244453962002454
2843b998c142c98d266cbb16e299412fcf6b15cefd7f5c6f600dca321500107c,mugla_2021_to_manavgat_2021,pr_auc__raw_source_only_baseline,1000,1000,False,0.10520208257938735,0.12228962090184087,0.11384231360647609,0.11383472826100804
2843b998c142c98d266cbb16e299412fcf6b15cefd7f5c6f600dca321500107c,mugla_2021_to_manavgat_2021,roc_auc__raw_source_only_thermal,1000,1000,False,0.3307362995658431,0.3588812370205733,0.3451475474840394,0.3451502748412715
2843b998c142c98d266cbb16e299412fcf6b15cefd7f5c6f600dca321500107c,mugla_2021_to_manavgat_2021,pr_auc__raw_source_only_thermal,1000,1000,False,0.0935933948991621,0.10798807525938878,0.10079787133768153,0.10091236558601313
2843b998c142c98d266cbb16e299412fcf6b15cefd7f5c6f600dca321500107c,mugla_2021_to_manavgat_2021,roc_auc__regionwise_zscore_baseline,1000,1000,False,0.48720886443408445,0.5218849187860792,0.5042767570591665,0.5041620806089981
2843b998c142c98d266cbb16e299412fcf6b15cefd7f5c6f600dca321500107c,mugla_2021_to_manavgat_2021,pr_auc__regionwise_zscore_baseline,1000,1000,False,0.13264115089248335,0.15688803602683862,0.14424787186528074,0.14400407511315017
2843b998c142c98d266cbb16e299412fcf6b15cefd7f5c6f600dca321500107c,mugla_2021_to_manavgat_2021,roc_auc__regionwise_zscore_thermal,1000,1000,False,0.4679376343414603,0.5022423156481952,0.48506486482349176,0.4849587140117566
2843b998c142c98d266cbb16e299412fcf6b15cefd7f5c6f600dca321500107c,mugla_2021_to_manavgat_2021,pr_auc__regionwise_zscore_thermal,1000,1000,False,0.12469481191115032,0.14640959152052407,0.13543802642051755,0.13525907913319482
2843b998c142c98d266cbb16e299412fcf6b15cefd7f5c6f600dca321500107c,mugla_2021_to_manavgat_2021,roc_auc__coral_after_regionwise_zscore_baseline,1000,1000,False,0.5015540942096405,0.5339962639802747,0.5171276040682514,0.5170446205162587
2843b998c142c98d266cbb16e299412fcf6b15cefd7f5c6f600dca321500107c,mugla_2021_to_manavgat_2021,pr_auc__coral_after_regionwise_zscore_baseline,1000,1000,False,0.13284297994620664,0.15553953478621488,0.14421933408659224,0.14404470074981518
2843b998c142c98d266cbb16e299412fcf6b15cefd7f5c6f600dca321500107c,mugla_2021_to_manavgat_2021,roc_auc__coral_after_regionwise_zscore_thermal,1000,1000,False,0.4595307002838855,0.49261486017373785,0.4761481304509057,0.47633945814913886
2843b998c142c98d266cbb16e299412fcf6b15cefd7f5c6f600dca321500107c,mugla_2021_to_manavgat_2021,pr_auc__coral_after_regionwise_zscore_thermal,1000,1000,False,0.12325390160681615,0.14495378870884276,0.13399479747158727,0.13387040242227102
2843b998c142c98d266cbb16e299412fcf6b15cefd7f5c6f600dca321500107c,mugla_2021_to_manavgat_2021,delta_roc_auc__zscore_minus_raw__baseline,1000,1000,False,0.06581872233742138,0.09922937405647238,0.0820340899419104,0.08192887668255389
2843b998c142c98d266cbb16e299412fcf6b15cefd7f5c6f600dca321500107c,mugla_2021_to_manavgat_2021,delta_roc_auc__coral_minus_raw__baseline,1000,1000,False,0.07971727014053702,0.11029022676951893,0.09488493695099533,0.09504928445038735
2843b998c142c98d266cbb16e299412fcf6b15cefd7f5c6f600dca321500107c,mugla_2021_to_manavgat_2021,delta_roc_auc__coral_minus_zscore__baseline,1000,1000,False,0.0017903015436577189,0.023614373566962474,0.012850847009084926,0.012770472922333131
2843b998c142c98d266cbb16e299412fcf6b15cefd7f5c6f600dca321500107c,mugla_2021_to_manavgat_2021,delta_roc_auc__within_minus_zscore__baseline,1000,1000,False,0.314017031169483,0.3595006475226525,0.3371025399385318,0.33693647257459347
2843b998c142c98d266cbb16e299412fcf6b15cefd7f5c6f600dca321500107c,mugla_2021_to_manavgat_2021,delta_roc_auc__within_minus_coral__baseline,1000,1000,False,0.30338564305111104,0.3450948478976902,0.3242516929294468,0.32428565340694543
2843b998c142c98d266cbb16e299412fcf6b15cefd7f5c6f600dca321500107c,mugla_2021_to_manavgat_2021,delta_pr_auc__zscore_minus_raw__baseline,1000,1000,False,0.024063006813526668,0.037885949927219296,0.030405558258804626,0.03024406483633093
2843b998c142c98d266cbb16e299412fcf6b15cefd7f5c6f600dca321500107c,mugla_2021_to_manavgat_2021,delta_pr_auc__coral_minus_raw__baseline,1000,1000,False,0.02445293780739581,0.03631476747159395,0.030377020480116142,0.030342084700816598
2843b998c142c98d266cbb16e299412fcf6b15cefd7f5c6f600dca321500107c,mugla_2021_to_manavgat_2021,delta_pr_auc__coral_minus_zscore__baseline,1000,1000,False,-0.004984094208032943,0.0045747652374298385,-2.8537778688483202e-05,3.191720668806186e-05
2843b998c142c98d266cbb16e299412fcf6b15cefd7f5c6f600dca321500107c,mugla_2021_to_manavgat_2021,delta_pr_auc__within_minus_zscore__baseline,1000,1000,False,0.2973612970618152,0.3578643312293638,0.32667226313862785,0.32642163564836424
2843b998c142c98d266cbb16e299412fcf6b15cefd7f5c6f600dca321500107c,mugla_2021_to_manavgat_2021,delta_pr_auc__within_minus_coral__baseline,1000,1000,False,0.2979091737178035,0.3567444629881856,0.3267008009173163,0.3262976624248264
2843b998c142c98d266cbb16e299412fcf6b15cefd7f5c6f600dca321500107c,mugla_2021_to_manavgat_2021,delta_roc_auc__zscore_minus_raw__thermal,1000,1000,False,0.12313053493704708,0.1579851349966823,0.1399173173394523,0.1396329838684148
2843b998c142c98d266cbb16e299412fcf6b15cefd7f5c6f600dca321500107c,mugla_2021_to_manavgat_2021,delta_roc_auc__coral_minus_raw__thermal,1000,1000,False,0.11551369802227203,0.14686876791359352,0.1310005829668663,0.13069621785114324
2843b998c142c98d266cbb16e299412fcf6b15cefd7f5c6f600dca321500107c,mugla_2021_to_manavgat_2021,delta_roc_auc__coral_minus_zscore__thermal,1000,1000,False,-0.017629240981784866,-0.0003136040487586732,-0.008916734372586043,-0.008815929816668178
2843b998c142c98d266cbb16e299412fcf6b15cefd7f5c6f600dca321500107c,mugla_2021_to_manavgat_2021,delta_roc_auc__within_minus_zscore__thermal,1000,1000,False,0.4029093152359473,0.4417361248060513,0.42302886334082695,0.423335211659324
2843b998c142c98d266cbb16e299412fcf6b15cefd7f5c6f600dca321500107c,mugla_2021_to_manavgat_2021,delta_roc_auc__within_minus_coral__thermal,1000,1000,False,0.41250107965752136,0.44995938013939013,0.431945597713413,0.4316490803738643
2843b998c142c98d266cbb16e299412fcf6b15cefd7f5c6f600dca321500107c,mugla_2021_to_manavgat_2021,delta_pr_auc__zscore_minus_raw__thermal,1000,1000,False,0.029085805214386164,0.04089501720173587,0.03464015508283604,0.03445166322068514
2843b998c142c98d266cbb16e299412fcf6b15cefd7f5c6f600dca321500107c,mugla_2021_to_manavgat_2021,delta_pr_auc__coral_minus_raw__thermal,1000,1000,False,0.027742229100950606,0.03901195808236654,0.03319692613390572,0.03305041308754393
2843b998c142c98d266cbb16e299412fcf6b15cefd7f5c6f600dca321500107c,mugla_2021_to_manavgat_2021,delta_pr_auc__coral_minus_zscore__thermal,1000,1000,False,-0.00452699888958893,0.0017497931240202389,-0.0014432289489303188,-0.0014311983465532946
2843b998c142c98d266cbb16e299412fcf6b15cefd7f5c6f600dca321500107c,mugla_2021_to_manavgat_2021,delta_pr_auc__within_minus_zscore__thermal,1000,1000,False,0.4826034348234672,0.5377126362801636,0.5101592492623652,0.5103922172155884
2843b998c142c98d266cbb16e299412fcf6b15cefd7f5c6f600dca321500107c,mugla_2021_to_manavgat_2021,delta_pr_auc__within_minus_coral__thermal,1000,1000,False,0.4842254068592082,0.5389373283124128,0.5116024782112956,0.5116294140272238
2843b998c142c98d266cbb16e299412fcf6b15cefd7f5c6f600dca321500107c,manavgat_2021_to_mugla_2021,roc_auc__within_baseline,1000,1000,False,0.7301716362761909,0.7554337410871782,0.7431817149731526,0.7431343956681401
2843b998c142c98d266cbb16e299412fcf6b15cefd7f5c6f600dca321500107c,manavgat_2021_to_mugla_2021,pr_auc__within_baseline,1000,1000,False,0.20120453233542684,0.25089827455555735,0.22494709248501357,0.22459126973290283
2843b998c142c98d266cbb16e299412fcf6b15cefd7f5c6f600dca321500107c,manavgat_2021_to_mugla_2021,roc_auc__within_thermal,1000,1000,False,0.8481203922419467,0.869914747777123,0.8589420057680414,0.8590946809107856
2843b998c142c98d266cbb16e299412fcf6b15cefd7f5c6f600dca321500107c,manavgat_2021_to_mugla_2021,pr_auc__within_thermal,1000,1000,False,0.4145333271981496,0.47823790950909556,0.44627826756922817,0.4470346190911556
2843b998c142c98d266cbb16e299412fcf6b15cefd7f5c6f600dca321500107c,manavgat_2021_to_mugla_2021,roc_auc__raw_source_only_baseline,1000,1000,False,0.44622655535383887,0.4849614239882339,0.46558673641249537,0.46580048312353806
2843b998c142c98d266cbb16e299412fcf6b15cefd7f5c6f600dca321500107c,manavgat_2021_to_mugla_2021,pr_auc__raw_source_only_baseline,1000,1000,False,0.059588523869591695,0.07096724548834095,0.06525322199715658,0.06520752918076353
2843b998c142c98d266cbb16e299412fcf6b15cefd7f5c6f600dca321500107c,manavgat_2021_to_mugla_2021,roc_auc__raw_source_only_thermal,1000,1000,False,0.4177023457506474,0.4561897693947969,0.4373253765331598,0.43758441353034694
2843b998c142c98d266cbb16e299412fcf6b15cefd7f5c6f600dca321500107c,manavgat_2021_to_mugla_2021,pr_auc__raw_source_only_thermal,1000,1000,False,0.05474683243460814,0.06464152167247685,0.059477939136731175,0.05940348764384658
2843b998c142c98d266cbb16e299412fcf6b15cefd7f5c6f600dca321500107c,manavgat_2021_to_mugla_2021,roc_auc__regionwise_zscore_baseline,1000,1000,False,0.44384152963115986,0.4784474083980121,0.46117225037341397,0.4615256694949983
2843b998c142c98d266cbb16e299412fcf6b15cefd7f5c6f600dca321500107c,manavgat_2021_to_mugla_2021,pr_auc__regionwise_zscore_baseline,1000,1000,False,0.05623872550710885,0.06578024215551068,0.060933069994777496,0.060766712766753564
2843b998c142c98d266cbb16e299412fcf6b15cefd7f5c6f600dca321500107c,manavgat_2021_to_mugla_2021,roc_auc__regionwise_zscore_thermal,1000,1000,False,0.4082574008576067,0.4438949066036892,0.42640531236375023,0.4262602896945412
2843b998c142c98d266cbb16e299412fcf6b15cefd7f5c6f600dca321500107c,manavgat_2021_to_mugla_2021,pr_auc__regionwise_zscore_thermal,1000,1000,False,0.05284759571559151,0.06206933840010737,0.057411480776375486,0.05737521065392573
2843b998c142c98d266cbb16e299412fcf6b15cefd7f5c6f600dca321500107c,manavgat_2021_to_mugla_2021,roc_auc__coral_after_regionwise_zscore_baseline,1000,1000,False,0.45745356303987267,0.4940045607331551,0.4751321953598089,0.47511206747507745
2843b998c142c98d266cbb16e299412fcf6b15cefd7f5c6f600dca321500107c,manavgat_2021_to_mugla_2021,pr_auc__coral_after_regionwise_zscore_baseline,1000,1000,False,0.058882242982284436,0.06920700891345392,0.0640908973677768,0.06403946320403339
2843b998c142c98d266cbb16e299412fcf6b15cefd7f5c6f600dca321500107c,manavgat_2021_to_mugla_2021,roc_auc__coral_after_regionwise_zscore_thermal,1000,1000,False,0.39802033550840654,0.43624211627761816,0.4170805596304872,0.41720451555613736
2843b998c142c98d266cbb16e299412fcf6b15cefd7f5c6f600dca321500107c,manavgat_2021_to_mugla_2021,pr_auc__coral_after_regionwise_zscore_thermal,1000,1000,False,0.05264575765901956,0.06183990649316968,0.057065739209742686,0.056992339424970985
2843b998c142c98d266cbb16e299412fcf6b15cefd7f5c6f600dca321500107c,manavgat_2021_to_mugla_2021,delta_roc_auc__zscore_minus_raw__baseline,1000,1000,False,-0.016134229214429228,0.007364076843450134,-0.004414486039081396,-0.0044182147245712955
2843b998c142c98d266cbb16e299412fcf6b15cefd7f5c6f600dca321500107c,manavgat_2021_to_mugla_2021,delta_roc_auc__coral_minus_raw__baseline,1000,1000,False,-0.0006185555394165542,0.02017543155450132,0.00954545894731348,0.009286693512335104
2843b998c142c98d266cbb16e299412fcf6b15cefd7f5c6f600dca321500107c,manavgat_2021_to_mugla_2021,delta_roc_auc__coral_minus_zscore__baseline,1000,1000,False,0.00712438966024551,0.020928597936786888,0.013959944986394877,0.0139575368137555
2843b998c142c98d266cbb16e299412fcf6b15cefd7f5c6f600dca321500107c,manavgat_2021_to_mugla_2021,delta_roc_auc__within_minus_zscore__baseline,1000,1000,False,0.2571876793433769,0.3059168327495965,0.2820094645997385,0.2818821975025656
2843b998c142c98d266cbb16e299412fcf6b15cefd7f5c6f600dca321500107c,manavgat_2021_to_mugla_2021,delta_roc_auc__within_minus_coral__baseline,1000,1000,False,0.2419681318283001,0.29337825279526364,0.2680495196133436,0.2681766634779573
2843b998c142c98d266cbb16e299412fcf6b15cefd7f5c6f600dca321500107c,manavgat_2021_to_mugla_2021,delta_pr_auc__zscore_minus_raw__baseline,1000,1000,False,-0.006933584972272376,-0.0019092764155944097,-0.004320152002379104,-0.004236687302320168
2843b998c142c98d266cbb16e299412fcf6b15cefd7f5c6f600dca321500107c,manavgat_2021_to_mugla_2021,delta_pr_auc__coral_minus_raw__baseline,1000,1000,False,-0.003303428439042508,0.0009390297431399361,-0.0011623246293797848,-0.00114795271076849
2843b998c142c98d266cbb16e299412fcf6b15cefd7f5c6f600dca321500107c,manavgat_2021_to_mugla_2021,delta_pr_auc__coral_minus_zscore__baseline,1000,1000,False,0.0017650737562651653,0.0046806944730648625,0.0031578273729993187,0.003127073239137669
2843b998c142c98d266cbb16e299412fcf6b15cefd7f5c6f600dca321500107c,manavgat_2021_to_mugla_2021,delta_pr_auc__within_minus_zscore__baseline,1000,1000,False,0.14087793200911222,0.18834590869543996,0.16401402249023608,0.1637345137005846
2843b998c142c98d266cbb16e299412fcf6b15cefd7f5c6f600dca321500107c,manavgat_2021_to_mugla_2021,delta_pr_auc__within_minus_coral__baseline,1000,1000,False,0.13717670938604404,0.18565062534584328,0.16085619511723676,0.16049531077323248
2843b998c142c98d266cbb16e299412fcf6b15cefd7f5c6f600dca321500107c,manavgat_2021_to_mugla_2021,delta_roc_auc__zscore_minus_raw__thermal,1000,1000,False,-0.026519953350867174,0.0038064751062877843,-0.010920064169409535,-0.0105247776570781
2843b998c142c98d266cbb16e299412fcf6b15cefd7f5c6f600dca321500107c,manavgat_2021_to_mugla_2021,delta_roc_auc__coral_minus_raw__thermal,1000,1000,False,-0.03388032787129526,-0.006750368019519916,-0.020244816902672644,-0.019890895339643222
2843b998c142c98d266cbb16e299412fcf6b15cefd7f5c6f600dca321500107c,manavgat_2021_to_mugla_2021,delta_roc_auc__coral_minus_zscore__thermal,1000,1000,False,-0.014960202471674823,-0.0038212231609802668,-0.009324752733263105,-0.009235841599290612
2843b998c142c98d266cbb16e299412fcf6b15cefd7f5c6f600dca321500107c,manavgat_2021_to_mugla_2021,delta_roc_auc__within_minus_zscore__thermal,1000,1000,False,0.408745289294786,0.45665597117178397,0.4325366934042911,0.4327927596280283
2843b998c142c98d266cbb16e299412fcf6b15cefd7f5c6f600dca321500107c,manavgat_2021_to_mugla_2021,delta_roc_auc__within_minus_coral__thermal,1000,1000,False,0.417484970149583,0.4663895660947977,0.4418614461375541,0.4424933213544477
2843b998c142c98d266cbb16e299412fcf6b15cefd7f5c6f600dca321500107c,manavgat_2021_to_mugla_2021,delta_pr_auc__zscore_minus_raw__thermal,1000,1000,False,-0.004347585747785518,0.00021156194343266576,-0.002066458360355695,-0.0020793379559180536
2843b998c142c98d266cbb16e299412fcf6b15cefd7f5c6f600dca321500107c,manavgat_2021_to_mugla_2021,delta_pr_auc__coral_minus_raw__thermal,1000,1000,False,-0.004342758510765938,-0.000354190390033727,-0.0024121999269884837,-0.002412991246253205
2843b998c142c98d266cbb16e299412fcf6b15cefd7f5c6f600dca321500107c,manavgat_2021_to_mugla_2021,delta_pr_auc__coral_minus_zscore__thermal,1000,1000,False,-0.0012787550598994703,0.0006435467742267488,-0.00034574156663278843,-0.00034324033551792754
2843b998c142c98d266cbb16e299412fcf6b15cefd7f5c6f600dca321500107c,manavgat_2021_to_mugla_2021,delta_pr_auc__within_minus_zscore__thermal,1000,1000,False,0.35787332032200714,0.41994438757587393,0.3888667867928527,0.3893481242249799
2843b998c142c98d266cbb16e299412fcf6b15cefd7f5c6f600dca321500107c,manavgat_2021_to_mugla_2021,delta_pr_auc__within_minus_coral__thermal,1000,1000,False,0.35796986669541764,0.4211153885107537,0.3892125283594855,0.3894462497608942
