analysis_id,experiment_id,block_size_cells,nominal_scale,fold_id,large_block_id,test_rows,test_positives
bb909a2c9bff1b7b76c95fa6fd36144d54bfd532883d305238bebd8c97915d3a,manavgat_2021,10,approximately_5_km,0,b10_r0_c12,100,0
bb909a2c9bff1b7b76c95fa6fd36144d54bfd532883d305238bebd8c97915d3a,manavgat_2021,10,approximately_5_km,0,b10_r0_c16,100,0
bb909a2c9bff1b7b76c95fa6fd36144d54bfd532883d305238bebd8c97915d3a,manavgat_2021,10,approximately_5_km,0,b10_r0_c6,100,0
bb909a2c9bff1b7b76c95fa6fd36144d54bfd532883d305238bebd8c97915d3a,manavgat_2021,10,approximately_5_km,0,b10_r0_c8,65,0
bb909a2c9bff1b7b76c95fa6fd36144d54bfd532883d305238bebd8c97915d3a,manavgat_2021,10,approximately_5_km,0,b10_r10_c10,64,63
bb909a2c9bff1b7b76c95fa6fd36144d54bfd532883d305238bebd8c97915d3a,manavgat_2021,10,approximately_5_km,0,b10_r10_c14,100,19
bb909a2c9bff1b7b76c95fa6fd36144d54bfd532883d305238bebd8c97915d3a,manavgat_2021,10,approximately_5_km,0,b10_r10_c17,50,0
bb909a2c9bff1b7b76c95fa6fd36144d54bfd532883d305238bebd8c97915d3a,manavgat_2021,10,approximately_5_km,0,b10_r10_c3,43,0
bb909a2c9bff1b7b76c95fa6fd36144d54bfd532883d305238bebd8c97915d3a,manavgat_2021,10,approximately_5_km,0,b10_r10_c6,86,68
bb909a2c9bff1b7b76c95fa6fd36144d54bfd532883d305238bebd8c97915d3a,manavgat_2021,10,approximately_5_km,0,b10_r11_c13,100,23
bb909a2c9bff1b7b76c95fa6fd36144d54bfd532883d305238bebd8c97915d3a,manavgat_2021,10,approximately_5_km,0,b10_r11_c16,100,0
bb909a2c9bff1b7b76c95fa6fd36144d54bfd532883d305238bebd8c97915d3a,manavgat_2021,10,approximately_5_km,0,b10_r11_c2,12,0
bb909a2c9bff1b7b76c95fa6fd36144d54bfd532883d305238bebd8c97915d3a,manavgat_2021,10,approximately_5_km,0,b10_r11_c4,36,0
bb909a2c9bff1b7b76c95fa6fd36144d54bfd532883d305238bebd8c97915d3a,manavgat_2021,10,approximately_5_km,0,b10_r11_c8,67,30
bb909a2c9bff1b7b76c95fa6fd36144d54bfd532883d305238bebd8c97915d3a,manavgat_2021,10,approximately_5_km,0,b10_r12_c10,77,51
bb909a2c9bff1b7b76c95fa6fd36144d54bfd532883d305238bebd8c97915d3a,manavgat_2021,10,approximately_5_km,0,b10_r12_c12,100,11
bb909a2c9bff1b7b76c95fa6fd36144d54bfd532883d305238bebd8c97915d3a,manavgat_2021,10,approximately_5_km,0,b10_r12_c8,38,0
bb909a2c9bff1b7b76c95fa6fd36144d54bfd532883d305238bebd8c97915d3a,manavgat_2021,10,approximately_5_km,0,b10_r13_c13,80,0
bb909a2c9bff1b7b76c95fa6fd36144d54bfd532883d305238bebd8c97915d3a,manavgat_2021,10,approximately_5_km,0,b10_r13_c16,80,0
bb909a2c9bff1b7b76c95fa6fd36144d54bfd532883d305238bebd8c97915d3a,manavgat_2021,10,approximately_5_km,0,b10_r1_c2,99,0
bb909a2c9bff1b7b76c95fa6fd36144d54bfd532883d305238bebd8c97915d3a,manavgat_2021,10,approximately_5_km,0,b10_r1_c3,98,0
bb909a2c9bff1b7b76c95fa6fd36144d54bfd532883d305238bebd8c97915d3a,manavgat_2021,10,approximately_5_km,0,b10_r1_c4,100,0
bb909a2c9bff1b7b76c95fa6fd36144d54bfd532883d305238bebd8c97915d3a,manavgat_2021,10,approximately_5_km,0,b10_r1_c5,100,0
bb909a2c9bff1b7b76c95fa6fd36144d54bfd532883d305238bebd8c97915d3a,manavgat_2021,10,approximately_5_km,0,b10_r1_c7,97,0
bb909a2c9bff1b7b76c95fa6fd36144d54bfd532883d305238bebd8c97915d3a,manavgat_2021,10,approximately_5_km,0,b10_r2_c1,100,0
bb909a2c9bff1b7b76c95fa6fd36144d54bfd532883d305238bebd8c97915d3a,manavgat_2021,10,approximately_5_km,0,b10_r2_c12,98,0
bb909a2c9bff1b7b76c95fa6fd36144d54bfd532883d305238bebd8c97915d3a,manavgat_2021,10,approximately_5_km,0,b10_r2_c8,100,0
bb909a2c9bff1b7b76c95fa6fd36144d54bfd532883d305238bebd8c97915d3a,manavgat_2021,10,approximately_5_km,0,b10_r3_c12,100,0
bb909a2c9bff1b7b76c95fa6fd36144d54bfd532883d305238bebd8c97915d3a,manavgat_2021,10,approximately_5_km,0,b10_r3_c15,91,0
bb909a2c9bff1b7b76c95fa6fd36144d54bfd532883d305238bebd8c97915d3a,manavgat_2021,10,approximately_5_km,0,b10_r3_c16,100,0
bb909a2c9bff1b7b76c95fa6fd36144d54bfd532883d305238bebd8c97915d3a,manavgat_2021,10,approximately_5_km,0,b10_r3_c5,94,0
bb909a2c9bff1b7b76c95fa6fd36144d54bfd532883d305238bebd8c97915d3a,manavgat_2021,10,approximately_5_km,0,b10_r4_c12,100,0
bb909a2c9bff1b7b76c95fa6fd36144d54bfd532883d305238bebd8c97915d3a,manavgat_2021,10,approximately_5_km,0,b10_r5_c10,100,0
bb909a2c9bff1b7b76c95fa6fd36144d54bfd532883d305238bebd8c97915d3a,manavgat_2021,10,approximately_5_km,0,b10_r5_c16,100,0
bb909a2c9bff1b7b76c95fa6fd36144d54bfd532883d305238bebd8c97915d3a,manavgat_2021,10,approximately_5_km,0,b10_r5_c4,100,0
bb909a2c9bff1b7b76c95fa6fd36144d54bfd532883d305238bebd8c97915d3a,manavgat_2021,10,approximately_5_km,0,b10_r6_c1,100,0
bb909a2c9bff1b7b76c95fa6fd36144d54bfd532883d305238bebd8c97915d3a,manavgat_2021,10,approximately_5_km,0,b10_r6_c14,98,0
bb909a2c9bff1b7b76c95fa6fd36144d54bfd532883d305238bebd8c97915d3a,manavgat_2021,10,approximately_5_km,0,b10_r6_c16,94,0
bb909a2c9bff1b7b76c95fa6fd36144d54bfd532883d305238bebd8c97915d3a,manavgat_2021,10,approximately_5_km,0,b10_r6_c8,99,47
bb909a2c9bff1b7b76c95fa6fd36144d54bfd532883d305238bebd8c97915d3a,manavgat_2021,10,approximately_5_km,0,b10_r7_c11,100,0
bb909a2c9bff1b7b76c95fa6fd36144d54bfd532883d305238bebd8c97915d3a,manavgat_2021,10,approximately_5_km,0,b10_r7_c7,100,100
bb909a2c9bff1b7b76c95fa6fd36144d54bfd532883d305238bebd8c97915d3a,manavgat_2021,10,approximately_5_km,0,b10_r8_c11,100,6
bb909a2c9bff1b7b76c95fa6fd36144d54bfd532883d305238bebd8c97915d3a,manavgat_2021,10,approximately_5_km,0,b10_r8_c13,100,0
bb909a2c9bff1b7b76c95fa6fd36144d54bfd532883d305238bebd8c97915d3a,manavgat_2021,10,approximately_5_km,0,b10_r8_c4,89,2
bb909a2c9bff1b7b76c95fa6fd36144d54bfd532883d305238bebd8c97915d3a,manavgat_2021,10,approximately_5_km,0,b10_r9_c16,100,0
bb909a2c9bff1b7b76c95fa6fd36144d54bfd532883d305238bebd8c97915d3a,manavgat_2021,10,approximately_5_km,0,b10_r9_c6,100,100
bb909a2c9bff1b7b76c95fa6fd36144d54bfd532883d305238bebd8c97915d3a,manavgat_2021,10,approximately_5_km,0,b10_r9_c7,89,89
bb909a2c9bff1b7b76c95fa6fd36144d54bfd532883d305238bebd8c97915d3a,manavgat_2021,10,approximately_5_km,1,b10_r0_c14,99,0
bb909a2c9bff1b7b76c95fa6fd36144d54bfd532883d305238bebd8c97915d3a,manavgat_2021,10,approximately_5_km,1,b10_r0_c2,100,0
bb909a2c9bff1b7b76c95fa6fd36144d54bfd532883d305238bebd8c97915d3a,manavgat_2021,10,approximately_5_km,1,b10_r0_c4,100,0
bb909a2c9bff1b7b76c95fa6fd36144d54bfd532883d305238bebd8c97915d3a,manavgat_2021,10,approximately_5_km,1,b10_r0_c7,100,0
bb909a2c9bff1b7b76c95fa6fd36144d54bfd532883d305238bebd8c97915d3a,manavgat_2021,10,approximately_5_km,1,b10_r10_c0,30,0
bb909a2c9bff1b7b76c95fa6fd36144d54bfd532883d305238bebd8c97915d3a,manavgat_2021,10,approximately_5_km,1,b10_r10_c12,100,84
bb909a2c9bff1b7b76c95fa6fd36144d54bfd532883d305238bebd8c97915d3a,manavgat_2021,10,approximately_5_km,1,b10_r10_c15,100,0
bb909a2c9bff1b7b76c95fa6fd36144d54bfd532883d305238bebd8c97915d3a,manavgat_2021,10,approximately_5_km,1,b10_r10_c16,100,0
bb909a2c9bff1b7b76c95fa6fd36144d54bfd532883d305238bebd8c97915d3a,manavgat_2021,10,approximately_5_km,1,b10_r10_c5,81,20
bb909a2c9bff1b7b76c95fa6fd36144d54bfd532883d305238bebd8c97915d3a,manavgat_2021,10,approximately_5_km,1,b10_r11_c10,91,90
bb909a2c9bff1b7b76c95fa6fd36144d54bfd532883d305238bebd8c97915d3a,manavgat_2021,10,approximately_5_km,1,b10_r11_c15,98,0
bb909a2c9bff1b7b76c95fa6fd36144d54bfd532883d305238bebd8c97915d3a,manavgat_2021,10,approximately_5_km,1,b10_r11_c17,50,0
bb909a2c9bff1b7b76c95fa6fd36144d54bfd532883d305238bebd8c97915d3a,manavgat_2021,10,approximately_5_km,1,b10_r12_c15,100,0
bb909a2c9bff1b7b76c95fa6fd36144d54bfd532883d305238bebd8c97915d3a,manavgat_2021,10,approximately_5_km,1,b10_r13_c14,80,0
bb909a2c9bff1b7b76c95fa6fd36144d54bfd532883d305238bebd8c97915d3a,manavgat_2021,10,approximately_5_km,1,b10_r1_c0,64,0
bb909a2c9bff1b7b76c95fa6fd36144d54bfd532883d305238bebd8c97915d3a,manavgat_2021,10,approximately_5_km,1,b10_r1_c13,100,0
bb909a2c9bff1b7b76c95fa6fd36144d54bfd532883d305238bebd8c97915d3a,manavgat_2021,10,approximately_5_km,1,b10_r2_c10,94,0
bb909a2c9bff1b7b76c95fa6fd36144d54bfd532883d305238bebd8c97915d3a,manavgat_2021,10,approximately_5_km,1,b10_r2_c17,49,0
bb909a2c9bff1b7b76c95fa6fd36144d54bfd532883d305238bebd8c97915d3a,manavgat_2021,10,approximately_5_km,1,b10_r2_c2,100,0
bb909a2c9bff1b7b76c95fa6fd36144d54bfd532883d305238bebd8c97915d3a,manavgat_2021,10,approximately_5_km,1,b10_r2_c6,91,0
bb909a2c9bff1b7b76c95fa6fd36144d54bfd532883d305238bebd8c97915d3a,manavgat_2021,10,approximately_5_km,1,b10_r3_c10,99,0
bb909a2c9bff1b7b76c95fa6fd36144d54bfd532883d305238bebd8c97915d3a,manavgat_2021,10,approximately_5_km,1,b10_r3_c3,97,0
bb909a2c9bff1b7b76c95fa6fd36144d54bfd532883d305238bebd8c97915d3a,manavgat_2021,10,approximately_5_km,1,b10_r4_c13,100,0
bb909a2c9bff1b7b76c95fa6fd36144d54bfd532883d305238bebd8c97915d3a,manavgat_2021,10,approximately_5_km,1,b10_r4_c15,100,0
bb909a2c9bff1b7b76c95fa6fd36144d54bfd532883d305238bebd8c97915d3a,manavgat_2021,10,approximately_5_km,1,b10_r4_c6,94,0
bb909a2c9bff1b7b76c95fa6fd36144d54bfd532883d305238bebd8c97915d3a,manavgat_2021,10,approximately_5_km,1,b10_r5_c0,98,0
bb909a2c9bff1b7b76c95fa6fd36144d54bfd532883d305238bebd8c97915d3a,manavgat_2021,10,approximately_5_km,1,b10_r5_c13,100,0
bb909a2c9bff1b7b76c95fa6fd36144d54bfd532883d305238bebd8c97915d3a,manavgat_2021,10,approximately_5_km,1,b10_r5_c17,50,0
bb909a2c9bff1b7b76c95fa6fd36144d54bfd532883d305238bebd8c97915d3a,manavgat_2021,10,approximately_5_km,1,b10_r5_c5,100,0
bb909a2c9bff1b7b76c95fa6fd36144d54bfd532883d305238bebd8c97915d3a,manavgat_2021,10,approximately_5_km,1,b10_r5_c6,100,0
bb909a2c9bff1b7b76c95fa6fd36144d54bfd532883d305238bebd8c97915d3a,manavgat_2021,10,approximately_5_km,1,b10_r5_c8,75,0
bb909a2c9bff1b7b76c95fa6fd36144d54bfd532883d305238bebd8c97915d3a,manavgat_2021,10,approximately_5_km,1,b10_r6_c0,99,0
bb909a2c9bff1b7b76c95fa6fd36144d54bfd532883d305238bebd8c97915d3a,manavgat_2021,10,approximately_5_km,1,b10_r6_c10,100,0
bb909a2c9bff1b7b76c95fa6fd36144d54bfd532883d305238bebd8c97915d3a,manavgat_2021,10,approximately_5_km,1,b10_r6_c11,100,0
bb909a2c9bff1b7b76c95fa6fd36144d54bfd532883d305238bebd8c97915d3a,manavgat_2021,10,approximately_5_km,1,b10_r6_c12,100,0
bb909a2c9bff1b7b76c95fa6fd36144d54bfd532883d305238bebd8c97915d3a,manavgat_2021,10,approximately_5_km,1,b10_r6_c6,100,6
bb909a2c9bff1b7b76c95fa6fd36144d54bfd532883d305238bebd8c97915d3a,manavgat_2021,10,approximately_5_km,1,b10_r6_c9,96,40
bb909a2c9bff1b7b76c95fa6fd36144d54bfd532883d305238bebd8c97915d3a,manavgat_2021,10,approximately_5_km,1,b10_r7_c0,88,0
bb909a2c9bff1b7b76c95fa6fd36144d54bfd532883d305238bebd8c97915d3a,manavgat_2021,10,approximately_5_km,1,b10_r7_c8,100,100
bb909a2c9bff1b7b76c95fa6fd36144d54bfd532883d305238bebd8c97915d3a,manavgat_2021,10,approximately_5_km,1,b10_r8_c0,51,0
bb909a2c9bff1b7b76c95fa6fd36144d54bfd532883d305238bebd8c97915d3a,manavgat_2021,10,approximately_5_km,1,b10_r8_c10,100,80
bb909a2c9bff1b7b76c95fa6fd36144d54bfd532883d305238bebd8c97915d3a,manavgat_2021,10,approximately_5_km,1,b10_r8_c16,100,0
bb909a2c9bff1b7b76c95fa6fd36144d54bfd532883d305238bebd8c97915d3a,manavgat_2021,10,approximately_5_km,1,b10_r8_c17,50,0
bb909a2c9bff1b7b76c95fa6fd36144d54bfd532883d305238bebd8c97915d3a,manavgat_2021,10,approximately_5_km,1,b10_r9_c13,100,55
bb909a2c9bff1b7b76c95fa6fd36144d54bfd532883d305238bebd8c97915d3a,manavgat_2021,10,approximately_5_km,1,b10_r9_c3,79,0
bb909a2c9bff1b7b76c95fa6fd36144d54bfd532883d305238bebd8c97915d3a,manavgat_2021,10,approximately_5_km,1,b10_r9_c9,100,100
bb909a2c9bff1b7b76c95fa6fd36144d54bfd532883d305238bebd8c97915d3a,manavgat_2021,10,approximately_5_km,2,b10_r0_c0,83,0
bb909a2c9bff1b7b76c95fa6fd36144d54bfd532883d305238bebd8c97915d3a,manavgat_2021,10,approximately_5_km,2,b10_r0_c11,100,0
bb909a2c9bff1b7b76c95fa6fd36144d54bfd532883d305238bebd8c97915d3a,manavgat_2021,10,approximately_5_km,2,b10_r10_c2,32,0
bb909a2c9bff1b7b76c95fa6fd36144d54bfd532883d305238bebd8c97915d3a,manavgat_2021,10,approximately_5_km,2,b10_r10_c8,98,96
bb909a2c9bff1b7b76c95fa6fd36144d54bfd532883d305238bebd8c97915d3a,manavgat_2021,10,approximately_5_km,2,b10_r11_c0,3,0
bb909a2c9bff1b7b76c95fa6fd36144d54bfd532883d305238bebd8c97915d3a,manavgat_2021,10,approximately_5_km,2,b10_r11_c14,100,0
bb909a2c9bff1b7b76c95fa6fd36144d54bfd532883d305238bebd8c97915d3a,manavgat_2021,10,approximately_5_km,2,b10_r11_c7,47,0
bb909a2c9bff1b7b76c95fa6fd36144d54bfd532883d305238bebd8c97915d3a,manavgat_2021,10,approximately_5_km,2,b10_r11_c9,86,68
bb909a2c9bff1b7b76c95fa6fd36144d54bfd532883d305238bebd8c97915d3a,manavgat_2021,10,approximately_5_km,2,b10_r12_c13,100,0
bb909a2c9bff1b7b76c95fa6fd36144d54bfd532883d305238bebd8c97915d3a,manavgat_2021,10,approximately_5_km,2,b10_r12_c17,50,0
bb909a2c9bff1b7b76c95fa6fd36144d54bfd532883d305238bebd8c97915d3a,manavgat_2021,10,approximately_5_km,2,b10_r13_c12,78,0
bb909a2c9bff1b7b76c95fa6fd36144d54bfd532883d305238bebd8c97915d3a,manavgat_2021,10,approximately_5_km,2,b10_r13_c8,2,0
bb909a2c9bff1b7b76c95fa6fd36144d54bfd532883d305238bebd8c97915d3a,manavgat_2021,10,approximately_5_km,2,b10_r1_c11,98,0
bb909a2c9bff1b7b76c95fa6fd36144d54bfd532883d305238bebd8c97915d3a,manavgat_2021,10,approximately_5_km,2,b10_r1_c12,100,0
bb909a2c9bff1b7b76c95fa6fd36144d54bfd532883d305238bebd8c97915d3a,manavgat_2021,10,approximately_5_km,2,b10_r1_c15,100,0
bb909a2c9bff1b7b76c95fa6fd36144d54bfd532883d305238bebd8c97915d3a,manavgat_2021,10,approximately_5_km,2,b10_r1_c16,100,0
bb909a2c9bff1b7b76c95fa6fd36144d54bfd532883d305238bebd8c97915d3a,manavgat_2021,10,approximately_5_km,2,b10_r1_c6,98,0
bb909a2c9bff1b7b76c95fa6fd36144d54bfd532883d305238bebd8c97915d3a,manavgat_2021,10,approximately_5_km,2,b10_r2_c3,100,0
bb909a2c9bff1b7b76c95fa6fd36144d54bfd532883d305238bebd8c97915d3a,manavgat_2021,10,approximately_5_km,2,b10_r2_c7,96,0
bb909a2c9bff1b7b76c95fa6fd36144d54bfd532883d305238bebd8c97915d3a,manavgat_2021,10,approximately_5_km,2,b10_r2_c9,88,0
bb909a2c9bff1b7b76c95fa6fd36144d54bfd532883d305238bebd8c97915d3a,manavgat_2021,10,approximately_5_km,2,b10_r3_c14,100,0
bb909a2c9bff1b7b76c95fa6fd36144d54bfd532883d305238bebd8c97915d3a,manavgat_2021,10,approximately_5_km,2,b10_r3_c2,100,0
bb909a2c9bff1b7b76c95fa6fd36144d54bfd532883d305238bebd8c97915d3a,manavgat_2021,10,approximately_5_km,2,b10_r4_c1,91,0
bb909a2c9bff1b7b76c95fa6fd36144d54bfd532883d305238bebd8c97915d3a,manavgat_2021,10,approximately_5_km,2,b10_r4_c10,100,0
bb909a2c9bff1b7b76c95fa6fd36144d54bfd532883d305238bebd8c97915d3a,manavgat_2021,10,approximately_5_km,2,b10_r4_c14,100,0
bb909a2c9bff1b7b76c95fa6fd36144d54bfd532883d305238bebd8c97915d3a,manavgat_2021,10,approximately_5_km,2,b10_r4_c2,93,0
bb909a2c9bff1b7b76c95fa6fd36144d54bfd532883d305238bebd8c97915d3a,manavgat_2021,10,approximately_5_km,2,b10_r5_c1,99,0
bb909a2c9bff1b7b76c95fa6fd36144d54bfd532883d305238bebd8c97915d3a,manavgat_2021,10,approximately_5_km,2,b10_r5_c12,100,0
bb909a2c9bff1b7b76c95fa6fd36144d54bfd532883d305238bebd8c97915d3a,manavgat_2021,10,approximately_5_km,2,b10_r5_c9,95,0
bb909a2c9bff1b7b76c95fa6fd36144d54bfd532883d305238bebd8c97915d3a,manavgat_2021,10,approximately_5_km,2,b10_r6_c13,100,0
bb909a2c9bff1b7b76c95fa6fd36144d54bfd532883d305238bebd8c97915d3a,manavgat_2021,10,approximately_5_km,2,b10_r6_c3,100,0
bb909a2c9bff1b7b76c95fa6fd36144d54bfd532883d305238bebd8c97915d3a,manavgat_2021,10,approximately_5_km,2,b10_r6_c4,100,0
bb909a2c9bff1b7b76c95fa6fd36144d54bfd532883d305238bebd8c97915d3a,manavgat_2021,10,approximately_5_km,2,b10_r7_c14,100,0
bb909a2c9bff1b7b76c95fa6fd36144d54bfd532883d305238bebd8c97915d3a,manavgat_2021,10,approximately_5_km,2,b10_r7_c2,99,0
bb909a2c9bff1b7b76c95fa6fd36144d54bfd532883d305238bebd8c97915d3a,manavgat_2021,10,approximately_5_km,2,b10_r7_c6,100,60
bb909a2c9bff1b7b76c95fa6fd36144d54bfd532883d305238bebd8c97915d3a,manavgat_2021,10,approximately_5_km,2,b10_r8_c1,80,0
bb909a2c9bff1b7b76c95fa6fd36144d54bfd532883d305238bebd8c97915d3a,manavgat_2021,10,approximately_5_km,2,b10_r8_c12,100,0
bb909a2c9bff1b7b76c95fa6fd36144d54bfd532883d305238bebd8c97915d3a,manavgat_2021,10,approximately_5_km,2,b10_r8_c2,86,0
bb909a2c9bff1b7b76c95fa6fd36144d54bfd532883d305238bebd8c97915d3a,manavgat_2021,10,approximately_5_km,2,b10_r8_c3,99,0
bb909a2c9bff1b7b76c95fa6fd36144d54bfd532883d305238bebd8c97915d3a,manavgat_2021,10,approximately_5_km,2,b10_r8_c5,95,22
bb909a2c9bff1b7b76c95fa6fd36144d54bfd532883d305238bebd8c97915d3a,manavgat_2021,10,approximately_5_km,2,b10_r8_c8,100,100
bb909a2c9bff1b7b76c95fa6fd36144d54bfd532883d305238bebd8c97915d3a,manavgat_2021,10,approximately_5_km,2,b10_r9_c1,36,0
bb909a2c9bff1b7b76c95fa6fd36144d54bfd532883d305238bebd8c97915d3a,manavgat_2021,10,approximately_5_km,2,b10_r9_c11,92,49
bb909a2c9bff1b7b76c95fa6fd36144d54bfd532883d305238bebd8c97915d3a,manavgat_2021,10,approximately_5_km,2,b10_r9_c2,71,0
bb909a2c9bff1b7b76c95fa6fd36144d54bfd532883d305238bebd8c97915d3a,manavgat_2021,10,approximately_5_km,2,b10_r9_c4,88,14
bb909a2c9bff1b7b76c95fa6fd36144d54bfd532883d305238bebd8c97915d3a,manavgat_2021,10,approximately_5_km,2,b10_r9_c5,100,82
bb909a2c9bff1b7b76c95fa6fd36144d54bfd532883d305238bebd8c97915d3a,manavgat_2021,10,approximately_5_km,2,b10_r9_c8,100,100
bb909a2c9bff1b7b76c95fa6fd36144d54bfd532883d305238bebd8c97915d3a,manavgat_2021,10,approximately_5_km,3,b10_r0_c1,75,0
bb909a2c9bff1b7b76c95fa6fd36144d54bfd532883d305238bebd8c97915d3a,manavgat_2021,10,approximately_5_km,3,b10_r0_c10,99,0
bb909a2c9bff1b7b76c95fa6fd36144d54bfd532883d305238bebd8c97915d3a,manavgat_2021,10,approximately_5_km,3,b10_r0_c13,100,0
bb909a2c9bff1b7b76c95fa6fd36144d54bfd532883d305238bebd8c97915d3a,manavgat_2021,10,approximately_5_km,3,b10_r0_c9,100,0
bb909a2c9bff1b7b76c95fa6fd36144d54bfd532883d305238bebd8c97915d3a,manavgat_2021,10,approximately_5_km,3,b10_r10_c11,89,72
bb909a2c9bff1b7b76c95fa6fd36144d54bfd532883d305238bebd8c97915d3a,manavgat_2021,10,approximately_5_km,3,b10_r10_c7,93,70
bb909a2c9bff1b7b76c95fa6fd36144d54bfd532883d305238bebd8c97915d3a,manavgat_2021,10,approximately_5_km,3,b10_r11_c11,97,97
bb909a2c9bff1b7b76c95fa6fd36144d54bfd532883d305238bebd8c97915d3a,manavgat_2021,10,approximately_5_km,3,b10_r11_c3,28,0
bb909a2c9bff1b7b76c95fa6fd36144d54bfd532883d305238bebd8c97915d3a,manavgat_2021,10,approximately_5_km,3,b10_r11_c5,17,0
bb909a2c9bff1b7b76c95fa6fd36144d54bfd532883d305238bebd8c97915d3a,manavgat_2021,10,approximately_5_km,3,b10_r12_c9,19,8
bb909a2c9bff1b7b76c95fa6fd36144d54bfd532883d305238bebd8c97915d3a,manavgat_2021,10,approximately_5_km,3,b10_r13_c11,58,0
bb909a2c9bff1b7b76c95fa6fd36144d54bfd532883d305238bebd8c97915d3a,manavgat_2021,10,approximately_5_km,3,b10_r13_c17,40,0
bb909a2c9bff1b7b76c95fa6fd36144d54bfd532883d305238bebd8c97915d3a,manavgat_2021,10,approximately_5_km,3,b10_r13_c9,11,0
bb909a2c9bff1b7b76c95fa6fd36144d54bfd532883d305238bebd8c97915d3a,manavgat_2021,10,approximately_5_km,3,b10_r1_c1,100,0
bb909a2c9bff1b7b76c95fa6fd36144d54bfd532883d305238bebd8c97915d3a,manavgat_2021,10,approximately_5_km,3,b10_r1_c10,91,0
bb909a2c9bff1b7b76c95fa6fd36144d54bfd532883d305238bebd8c97915d3a,manavgat_2021,10,approximately_5_km,3,b10_r1_c17,50,0
bb909a2c9bff1b7b76c95fa6fd36144d54bfd532883d305238bebd8c97915d3a,manavgat_2021,10,approximately_5_km,3,b10_r1_c9,98,0
bb909a2c9bff1b7b76c95fa6fd36144d54bfd532883d305238bebd8c97915d3a,manavgat_2021,10,approximately_5_km,3,b10_r2_c0,100,0
bb909a2c9bff1b7b76c95fa6fd36144d54bfd532883d305238bebd8c97915d3a,manavgat_2021,10,approximately_5_km,3,b10_r2_c11,93,0
bb909a2c9bff1b7b76c95fa6fd36144d54bfd532883d305238bebd8c97915d3a,manavgat_2021,10,approximately_5_km,3,b10_r2_c15,100,0
bb909a2c9bff1b7b76c95fa6fd36144d54bfd532883d305238bebd8c97915d3a,manavgat_2021,10,approximately_5_km,3,b10_r3_c0,100,0
bb909a2c9bff1b7b76c95fa6fd36144d54bfd532883d305238bebd8c97915d3a,manavgat_2021,10,approximately_5_km,3,b10_r3_c1,100,0
bb909a2c9bff1b7b76c95fa6fd36144d54bfd532883d305238bebd8c97915d3a,manavgat_2021,10,approximately_5_km,3,b10_r3_c11,95,0
bb909a2c9bff1b7b76c95fa6fd36144d54bfd532883d305238bebd8c97915d3a,manavgat_2021,10,approximately_5_km,3,b10_r3_c13,100,0
bb909a2c9bff1b7b76c95fa6fd36144d54bfd532883d305238bebd8c97915d3a,manavgat_2021,10,approximately_5_km,3,b10_r3_c17,49,0
bb909a2c9bff1b7b76c95fa6fd36144d54bfd532883d305238bebd8c97915d3a,manavgat_2021,10,approximately_5_km,3,b10_r3_c4,100,0
bb909a2c9bff1b7b76c95fa6fd36144d54bfd532883d305238bebd8c97915d3a,manavgat_2021,10,approximately_5_km,3,b10_r3_c9,100,0
bb909a2c9bff1b7b76c95fa6fd36144d54bfd532883d305238bebd8c97915d3a,manavgat_2021,10,approximately_5_km,3,b10_r4_c17,50,0
bb909a2c9bff1b7b76c95fa6fd36144d54bfd532883d305238bebd8c97915d3a,manavgat_2021,10,approximately_5_km,3,b10_r4_c5,98,0
bb909a2c9bff1b7b76c95fa6fd36144d54bfd532883d305238bebd8c97915d3a,manavgat_2021,10,approximately_5_km,3,b10_r4_c8,68,0
bb909a2c9bff1b7b76c95fa6fd36144d54bfd532883d305238bebd8c97915d3a,manavgat_2021,10,approximately_5_km,3,b10_r4_c9,95,0
bb909a2c9bff1b7b76c95fa6fd36144d54bfd532883d305238bebd8c97915d3a,manavgat_2021,10,approximately_5_km,3,b10_r5_c15,100,0
bb909a2c9bff1b7b76c95fa6fd36144d54bfd532883d305238bebd8c97915d3a,manavgat_2021,10,approximately_5_km,3,b10_r5_c2,100,0
bb909a2c9bff1b7b76c95fa6fd36144d54bfd532883d305238bebd8c97915d3a,manavgat_2021,10,approximately_5_km,3,b10_r6_c15,100,0
bb909a2c9bff1b7b76c95fa6fd36144d54bfd532883d305238bebd8c97915d3a,manavgat_2021,10,approximately_5_km,3,b10_r6_c2,87,0
bb909a2c9bff1b7b76c95fa6fd36144d54bfd532883d305238bebd8c97915d3a,manavgat_2021,10,approximately_5_km,3,b10_r6_c5,100,0
bb909a2c9bff1b7b76c95fa6fd36144d54bfd532883d305238bebd8c97915d3a,manavgat_2021,10,approximately_5_km,3,b10_r6_c7,100,46
bb909a2c9bff1b7b76c95fa6fd36144d54bfd532883d305238bebd8c97915d3a,manavgat_2021,10,approximately_5_km,3,b10_r7_c10,100,9
bb909a2c9bff1b7b76c95fa6fd36144d54bfd532883d305238bebd8c97915d3a,manavgat_2021,10,approximately_5_km,3,b10_r7_c13,100,0
bb909a2c9bff1b7b76c95fa6fd36144d54bfd532883d305238bebd8c97915d3a,manavgat_2021,10,approximately_5_km,3,b10_r7_c16,99,0
bb909a2c9bff1b7b76c95fa6fd36144d54bfd532883d305238bebd8c97915d3a,manavgat_2021,10,approximately_5_km,3,b10_r7_c3,79,0
bb909a2c9bff1b7b76c95fa6fd36144d54bfd532883d305238bebd8c97915d3a,manavgat_2021,10,approximately_5_km,3,b10_r7_c4,89,0
bb909a2c9bff1b7b76c95fa6fd36144d54bfd532883d305238bebd8c97915d3a,manavgat_2021,10,approximately_5_km,3,b10_r7_c5,100,0
bb909a2c9bff1b7b76c95fa6fd36144d54bfd532883d305238bebd8c97915d3a,manavgat_2021,10,approximately_5_km,3,b10_r8_c15,100,0
bb909a2c9bff1b7b76c95fa6fd36144d54bfd532883d305238bebd8c97915d3a,manavgat_2021,10,approximately_5_km,3,b10_r8_c6,100,82
bb909a2c9bff1b7b76c95fa6fd36144d54bfd532883d305238bebd8c97915d3a,manavgat_2021,10,approximately_5_km,3,b10_r8_c7,99,99
bb909a2c9bff1b7b76c95fa6fd36144d54bfd532883d305238bebd8c97915d3a,manavgat_2021,10,approximately_5_km,3,b10_r8_c9,100,100
bb909a2c9bff1b7b76c95fa6fd36144d54bfd532883d305238bebd8c97915d3a,manavgat_2021,10,approximately_5_km,3,b10_r9_c0,36,0
bb909a2c9bff1b7b76c95fa6fd36144d54bfd532883d305238bebd8c97915d3a,manavgat_2021,10,approximately_5_km,3,b10_r9_c15,100,0
bb909a2c9bff1b7b76c95fa6fd36144d54bfd532883d305238bebd8c97915d3a,manavgat_2021,10,approximately_5_km,4,b10_r0_c15,99,0
bb909a2c9bff1b7b76c95fa6fd36144d54bfd532883d305238bebd8c97915d3a,manavgat_2021,10,approximately_5_km,4,b10_r0_c17,50,0
bb909a2c9bff1b7b76c95fa6fd36144d54bfd532883d305238bebd8c97915d3a,manavgat_2021,10,approximately_5_km,4,b10_r0_c3,84,0
bb909a2c9bff1b7b76c95fa6fd36144d54bfd532883d305238bebd8c97915d3a,manavgat_2021,10,approximately_5_km,4,b10_r0_c5,100,0
bb909a2c9bff1b7b76c95fa6fd36144d54bfd532883d305238bebd8c97915d3a,manavgat_2021,10,approximately_5_km,4,b10_r10_c1,60,0
bb909a2c9bff1b7b76c95fa6fd36144d54bfd532883d305238bebd8c97915d3a,manavgat_2021,10,approximately_5_km,4,b10_r10_c13,100,97
bb909a2c9bff1b7b76c95fa6fd36144d54bfd532883d305238bebd8c97915d3a,manavgat_2021,10,approximately_5_km,4,b10_r10_c4,80,0
bb909a2c9bff1b7b76c95fa6fd36144d54bfd532883d305238bebd8c97915d3a,manavgat_2021,10,approximately_5_km,4,b10_r10_c9,100,100
bb909a2c9bff1b7b76c95fa6fd36144d54bfd532883d305238bebd8c97915d3a,manavgat_2021,10,approximately_5_km,4,b10_r11_c1,12,0
bb909a2c9bff1b7b76c95fa6fd36144d54bfd532883d305238bebd8c97915d3a,manavgat_2021,10,approximately_5_km,4,b10_r11_c12,100,46
bb909a2c9bff1b7b76c95fa6fd36144d54bfd532883d305238bebd8c97915d3a,manavgat_2021,10,approximately_5_km,4,b10_r11_c6,36,0
bb909a2c9bff1b7b76c95fa6fd36144d54bfd532883d305238bebd8c97915d3a,manavgat_2021,10,approximately_5_km,4,b10_r12_c11,99,77
bb909a2c9bff1b7b76c95fa6fd36144d54bfd532883d305238bebd8c97915d3a,manavgat_2021,10,approximately_5_km,4,b10_r12_c14,100,0
bb909a2c9bff1b7b76c95fa6fd36144d54bfd532883d305238bebd8c97915d3a,manavgat_2021,10,approximately_5_km,4,b10_r12_c16,100,0
bb909a2c9bff1b7b76c95fa6fd36144d54bfd532883d305238bebd8c97915d3a,manavgat_2021,10,approximately_5_km,4,b10_r12_c7,17,0
bb909a2c9bff1b7b76c95fa6fd36144d54bfd532883d305238bebd8c97915d3a,manavgat_2021,10,approximately_5_km,4,b10_r13_c10,20,0
bb909a2c9bff1b7b76c95fa6fd36144d54bfd532883d305238bebd8c97915d3a,manavgat_2021,10,approximately_5_km,4,b10_r13_c15,80,0
bb909a2c9bff1b7b76c95fa6fd36144d54bfd532883d305238bebd8c97915d3a,manavgat_2021,10,approximately_5_km,4,b10_r1_c14,100,0
bb909a2c9bff1b7b76c95fa6fd36144d54bfd532883d305238bebd8c97915d3a,manavgat_2021,10,approximately_5_km,4,b10_r1_c8,79,0
bb909a2c9bff1b7b76c95fa6fd36144d54bfd532883d305238bebd8c97915d3a,manavgat_2021,10,approximately_5_km,4,b10_r2_c13,100,0
bb909a2c9bff1b7b76c95fa6fd36144d54bfd532883d305238bebd8c97915d3a,manavgat_2021,10,approximately_5_km,4,b10_r2_c14,100,0
bb909a2c9bff1b7b76c95fa6fd36144d54bfd532883d305238bebd8c97915d3a,manavgat_2021,10,approximately_5_km,4,b10_r2_c16,100,0
bb909a2c9bff1b7b76c95fa6fd36144d54bfd532883d305238bebd8c97915d3a,manavgat_2021,10,approximately_5_km,4,b10_r2_c4,100,0
bb909a2c9bff1b7b76c95fa6fd36144d54bfd532883d305238bebd8c97915d3a,manavgat_2021,10,approximately_5_km,4,b10_r2_c5,100,0
bb909a2c9bff1b7b76c95fa6fd36144d54bfd532883d305238bebd8c97915d3a,manavgat_2021,10,approximately_5_km,4,b10_r3_c6,72,0
bb909a2c9bff1b7b76c95fa6fd36144d54bfd532883d305238bebd8c97915d3a,manavgat_2021,10,approximately_5_km,4,b10_r3_c7,95,0
bb909a2c9bff1b7b76c95fa6fd36144d54bfd532883d305238bebd8c97915d3a,manavgat_2021,10,approximately_5_km,4,b10_r3_c8,97,0
bb909a2c9bff1b7b76c95fa6fd36144d54bfd532883d305238bebd8c97915d3a,manavgat_2021,10,approximately_5_km,4,b10_r4_c0,88,0
bb909a2c9bff1b7b76c95fa6fd36144d54bfd532883d305238bebd8c97915d3a,manavgat_2021,10,approximately_5_km,4,b10_r4_c11,100,0
bb909a2c9bff1b7b76c95fa6fd36144d54bfd532883d305238bebd8c97915d3a,manavgat_2021,10,approximately_5_km,4,b10_r4_c16,100,0
bb909a2c9bff1b7b76c95fa6fd36144d54bfd532883d305238bebd8c97915d3a,manavgat_2021,10,approximately_5_km,4,b10_r4_c3,95,0
bb909a2c9bff1b7b76c95fa6fd36144d54bfd532883d305238bebd8c97915d3a,manavgat_2021,10,approximately_5_km,4,b10_r4_c4,100,0
bb909a2c9bff1b7b76c95fa6fd36144d54bfd532883d305238bebd8c97915d3a,manavgat_2021,10,approximately_5_km,4,b10_r4_c7,100,0
bb909a2c9bff1b7b76c95fa6fd36144d54bfd532883d305238bebd8c97915d3a,manavgat_2021,10,approximately_5_km,4,b10_r5_c11,99,0
bb909a2c9bff1b7b76c95fa6fd36144d54bfd532883d305238bebd8c97915d3a,manavgat_2021,10,approximately_5_km,4,b10_r5_c14,100,0
bb909a2c9bff1b7b76c95fa6fd36144d54bfd532883d305238bebd8c97915d3a,manavgat_2021,10,approximately_5_km,4,b10_r5_c3,100,0
bb909a2c9bff1b7b76c95fa6fd36144d54bfd532883d305238bebd8c97915d3a,manavgat_2021,10,approximately_5_km,4,b10_r5_c7,98,0
bb909a2c9bff1b7b76c95fa6fd36144d54bfd532883d305238bebd8c97915d3a,manavgat_2021,10,approximately_5_km,4,b10_r6_c17,50,0
bb909a2c9bff1b7b76c95fa6fd36144d54bfd532883d305238bebd8c97915d3a,manavgat_2021,10,approximately_5_km,4,b10_r7_c1,90,0
bb909a2c9bff1b7b76c95fa6fd36144d54bfd532883d305238bebd8c97915d3a,manavgat_2021,10,approximately_5_km,4,b10_r7_c12,100,0
bb909a2c9bff1b7b76c95fa6fd36144d54bfd532883d305238bebd8c97915d3a,manavgat_2021,10,approximately_5_km,4,b10_r7_c15,94,0
bb909a2c9bff1b7b76c95fa6fd36144d54bfd532883d305238bebd8c97915d3a,manavgat_2021,10,approximately_5_km,4,b10_r7_c17,49,0
bb909a2c9bff1b7b76c95fa6fd36144d54bfd532883d305238bebd8c97915d3a,manavgat_2021,10,approximately_5_km,4,b10_r7_c9,100,99
bb909a2c9bff1b7b76c95fa6fd36144d54bfd532883d305238bebd8c97915d3a,manavgat_2021,10,approximately_5_km,4,b10_r8_c14,100,0
bb909a2c9bff1b7b76c95fa6fd36144d54bfd532883d305238bebd8c97915d3a,manavgat_2021,10,approximately_5_km,4,b10_r9_c10,86,85
bb909a2c9bff1b7b76c95fa6fd36144d54bfd532883d305238bebd8c97915d3a,manavgat_2021,10,approximately_5_km,4,b10_r9_c12,100,73
bb909a2c9bff1b7b76c95fa6fd36144d54bfd532883d305238bebd8c97915d3a,manavgat_2021,10,approximately_5_km,4,b10_r9_c14,100,0
bb909a2c9bff1b7b76c95fa6fd36144d54bfd532883d305238bebd8c97915d3a,manavgat_2021,10,approximately_5_km,4,b10_r9_c17,50,0
