frame,source,target,model,n,positives,prevalence,auc,ap,ap_lift,pauc01,cap10,cap10_norm,cap20,cap20_norm
ref_full_full,manavgat_2021,bejis_2022,thermal,15190,1100,0.07241606319947334,0.3258336344280276,0.048758121686924845,0.6733053349312621,0.47661512966880715,0.012727272727272728,-0.09696969696969697,0.05,-0.18750000000000003
ref_full_full,manavgat_2021,bejis_2022,baseline,15190,1100,0.07241606319947334,0.33218736692689854,0.049284923029179833,0.6805799825574924,0.47580149483328293,0.01,-0.1,0.04363636363636364,-0.19545454545454546
ref_full_full,manavgat_2021,mugla_2021,thermal,41730,2911,0.06975796788880902,0.47015987108700774,0.06264647046501597,0.8980546934060859,0.49368085641099335,0.07317073170731707,-0.02981029810298104,0.14462384060460323,-0.06922019924424597
ref_full_full,manavgat_2021,mugla_2021,baseline,41730,2911,0.06975796788880902,0.5079294316533509,0.07490551117572594,1.0737914741886099,0.5064318014770763,0.11851597389213328,0.020573304324592527,0.22500858811405017,0.031260735142562696
ref_full_full,manavgat_2021,evia_2021_extended,thermal,9298,2664,0.28651322865132284,0.6125620551965896,0.3426989575695243,1.1961016919975365,0.502514013783709,0.11261261261261261,0.05064817606270723,0.2533783783783784,0.10717515827555019
ref_full_full,manavgat_2021,evia_2021_extended,baseline,9298,2664,0.28651322865132284,0.5938705512868914,0.3528525870102405,1.2315402980560124,0.5166423941037971,0.13701201201201202,0.1486282785649683,0.2702702702702703,0.14109134760325592
ref_full_full,manavgat_2021,montiferru_2021,thermal,2544,539,0.21187106918238993,0.5332600780053577,0.24260396955428254,1.14505472828589,0.5145862518783599,0.137291280148423,0.1002493765586035,0.23933209647495363,0.052867830423940144
ref_full_full,manavgat_2021,montiferru_2021,baseline,2544,539,0.21187106918238993,0.5779257792439125,0.26408322599827644,1.2464336306857426,0.5158476233982956,0.15213358070500926,0.14014962593516206,0.2523191094619666,0.07032418952618455
ref_full_full,bejis_2022,manavgat_2021,thermal,20511,784,0.03822339232606894,0.44352842964630473,0.03440634297977607,0.9001383939517692,0.5029952895694326,0.09948979591836735,-0.0005668934240362879,0.16198979591836735,-0.04751275510204083
ref_full_full,bejis_2022,manavgat_2021,baseline,20511,784,0.03822339232606894,0.42090798972298404,0.03319034488748474,0.8683254642693872,0.49945641600761237,0.08418367346938775,-0.017573696145124728,0.14158163265306123,-0.07302295918367348
ref_full_full,bejis_2022,mugla_2021,thermal,41730,2911,0.06975796788880902,0.6184747489978262,0.09253859122869845,1.3265666135257939,0.5082949292565858,0.13603572655444865,0.0400396961716096,0.27619374785297146,0.09524218481621431
ref_full_full,bejis_2022,mugla_2021,baseline,41730,2911,0.06975796788880902,0.5922389908669758,0.09363146544008288,1.3422332713207346,0.5200974756283437,0.15321195465475781,0.05912439406084201,0.26932325661284784,0.08665407076605978
ref_full_full,bejis_2022,evia_2021_extended,thermal,9298,2664,0.28651322865132284,0.38282143313044736,0.2257835213181088,0.7880387316876035,0.4815382477029812,0.039414414414414414,-0.2432921314440759,0.11373873873873874,-0.1731986735001507
ref_full_full,bejis_2022,evia_2021_extended,baseline,9298,2664,0.28651322865132284,0.5304608855916513,0.28226178335034546,0.9851614345313485,0.4838108223895952,0.07545045045045046,-0.09858305697919803,0.16366366366366367,-0.07295749170937593
ref_full_full,bejis_2022,montiferru_2021,thermal,2544,539,0.21187106918238993,0.5937253341599618,0.28874094281489027,1.3628143942877196,0.5356667407742727,0.15769944341372913,0.15511221945137157,0.22077922077922077,0.027930174563590995
ref_full_full,bejis_2022,montiferru_2021,baseline,2544,539,0.21187106918238993,0.5530357779021833,0.22698718507235782,1.0713458234212956,0.49306257839436174,0.055658627087198514,-0.11920199501246885,0.20222634508348794,0.0029925187032418805
ref_full_full,mugla_2021,manavgat_2021,thermal,20511,784,0.03822339232606894,0.40099966584697444,0.028738774210290162,0.7518635176368131,0.4808866116474844,0.03443877551020408,-0.07284580498866214,0.0663265306122449,-0.16709183673469385
ref_full_full,mugla_2021,manavgat_2021,baseline,20511,784,0.03822339232606894,0.52151982986128,0.03783686447417549,0.9898876622829254,0.4967188604036941,0.09311224489795919,-0.007653061224489795,0.14923469387755103,-0.06345663265306122
ref_full_full,mugla_2021,bejis_2022,thermal,15190,1100,0.07241606319947334,0.5831912381443964,0.08827191688193281,1.2189549249423266,0.5093785337593937,0.12090909090909091,0.023232323232323226,0.23545454545454544,0.04431818181818179
ref_full_full,mugla_2021,bejis_2022,baseline,15190,1100,0.07241606319947334,0.4507383379572875,0.06416586588786181,0.886072275306019,0.4976273511703641,0.08636363636363636,-0.015151515151515155,0.15636363636363637,-0.05454545454545455
ref_full_full,mugla_2021,evia_2021_extended,thermal,9298,2664,0.28651322865132284,0.6534051763551312,0.37875246411339963,1.321937091338735,0.5206552410271688,0.14451951951951952,0.17877600241181785,0.265015015015015,0.13053964425685854
ref_full_full,mugla_2021,evia_2021_extended,baseline,9298,2664,0.28651322865132284,0.5997551855443022,0.34369850447793965,1.1995903508392955,0.511713310346349,0.12462462462462462,0.09888453421766649,0.240990990990991,0.08230328610189928
ref_full_full,mugla_2021,montiferru_2021,thermal,2544,539,0.21187106918238993,0.5312433202707516,0.21430398922752314,1.0114830215117234,0.4875739077265337,0.08905380333951762,-0.02942643391521199,0.20037105751391465,0.0004987531172069614
ref_full_full,mugla_2021,montiferru_2021,baseline,2544,539,0.21187106918238993,0.6105251713018012,0.2825954007520012,1.333808347890707,0.5227583808762442,0.16512059369202226,0.17506234413965083,0.300556586270872,0.1351620947630923
ref_full_full,evia_2021_extended,manavgat_2021,thermal,20511,784,0.03822339232606894,0.6857777670301659,0.0937917104825443,2.453777772586054,0.573139077462138,0.29591836734693877,0.21768707482993196,0.47066326530612246,0.338329081632653
ref_full_full,evia_2021_extended,manavgat_2021,baseline,20511,784,0.03822339232606894,0.6757597713896731,0.07677911017394908,2.008694296910548,0.5437810362250303,0.24744897959183673,0.16383219954648526,0.4502551020408163,0.31281887755102034
ref_full_full,evia_2021_extended,bejis_2022,thermal,15190,1100,0.07241606319947334,0.4480079359958707,0.059184248321390825,0.8172806654562969,0.4742007124398518,0.007272727272727273,-0.10303030303030303,0.06,-0.17500000000000002
ref_full_full,evia_2021_extended,bejis_2022,baseline,15190,1100,0.07241606319947334,0.3917341441383315,0.053976090011806165,0.7453607338903051,0.47996543070690467,0.024545454545454544,-0.08383838383838385,0.060909090909090906,-0.17386363636363636
ref_full_full,evia_2021_extended,mugla_2021,thermal,41730,2911,0.06975796788880902,0.576836486299561,0.08561939439002765,1.2273779896584862,0.5140121257662359,0.1387839230504981,0.04309324783388678,0.24768120920645825,0.0596015115080728
ref_full_full,evia_2021_extended,mugla_2021,baseline,41730,2911,0.06975796788880902,0.5125008330596732,0.0816148991849096,1.169972429744513,0.515038217467903,0.13397457918241154,0.037749532424901706,0.2387495705942975,0.048436963242871854
ref_full_full,evia_2021_extended,montiferru_2021,thermal,2544,539,0.21187106918238993,0.6467042042389389,0.2829027511086257,1.335258995956111,0.5047558332953866,0.10946196660482375,0.025436408977556113,0.2541743970315399,0.07281795511221942
ref_full_full,evia_2021_extended,montiferru_2021,baseline,2544,539,0.21187106918238993,0.5494242131221113,0.25786601392099906,1.2170893124582962,0.5188622526293387,0.14100185528756956,0.1102244389027431,0.24675324675324675,0.06284289276807979
ref_full_full,montiferru_2021,manavgat_2021,thermal,20511,784,0.03822339232606894,0.5670426836522615,0.042455374077607064,1.1107170634002532,0.49780423157409054,0.09566326530612244,-0.004818594104308401,0.21556122448979592,0.01945153061224489
ref_full_full,montiferru_2021,manavgat_2021,baseline,20511,784,0.03822339232606894,0.5018395227508553,0.03700488168289126,0.9681213369869677,0.4940238430189705,0.0778061224489796,-0.024659863945578234,0.17091836734693877,-0.03635204081632655
ref_full_full,montiferru_2021,bejis_2022,thermal,15190,1100,0.07241606319947334,0.5483011162010453,0.09285102514616964,1.2821882472457424,0.5167688237950836,0.13454545454545455,0.03838383838383838,0.23636363636363636,0.045454545454545435
ref_full_full,montiferru_2021,bejis_2022,baseline,15190,1100,0.07241606319947334,0.6126267823730562,0.11367518379586421,1.5697509471447064,0.5319647107962823,0.16727272727272727,0.07474747474747473,0.24363636363636362,0.054545454545454515
ref_full_full,montiferru_2021,mugla_2021,thermal,41730,2911,0.06975796788880902,0.6193519007685069,0.0886887632396203,1.2713782514563226,0.502269312792905,0.11679835108210238,0.0186648345356693,0.24768120920645825,0.0596015115080728
ref_full_full,montiferru_2021,mugla_2021,baseline,41730,2911,0.06975796788880902,0.6512032443571474,0.12418946741262851,1.7802907849979346,0.5487248314146626,0.23497080041222948,0.1499675560135883,0.3503950532463071,0.18799381655788386
ref_full_full,montiferru_2021,evia_2021_extended,thermal,9298,2664,0.28651322865132284,0.5861929535806533,0.31707825794461764,1.1066792951835793,0.49996185672050036,0.10285285285285285,0.011456135061802807,0.19256756756756757,-0.014923123304190544
ref_full_full,montiferru_2021,evia_2021_extended,baseline,9298,2664,0.28651322865132284,0.5564241415820402,0.2960606981779604,1.0333229623343378,0.48553959922825257,0.0731981981981982,-0.10762737413325292,0.2045795795795796,0.009195055773289112
ref_10km_10km,manavgat_2021,bejis_2022,thermal,5601,1100,0.19639350116050705,0.3799388014784593,0.15718560098509382,0.8003605010159186,0.49076590103847206,0.07,-0.07331704065763163,0.1509090909090909,-0.06136363636363638
ref_10km_10km,manavgat_2021,bejis_2022,baseline,5601,1100,0.19639350116050705,0.42253125568055583,0.1601993229760616,0.8157058254444737,0.4801204198110149,0.042727272727272725,-0.13996889580093314,0.12818181818181817,-0.0897727272727273
ref_10km_10km,manavgat_2021,mugla_2021,thermal,18674,2911,0.15588518796187212,0.5597217440151202,0.17132005772549724,1.0990143448869583,0.4956498498415012,0.09721745104774991,-0.0051386157457336944,0.2281003091721058,0.03512538646513224
ref_10km_10km,manavgat_2021,mugla_2021,baseline,18674,2911,0.15588518796187212,0.5728276430072179,0.1889605178495168,1.212177502687007,0.5103015887165363,0.1305393335623497,0.056397893801941226,0.26245276537272416,0.07806595671590519
ref_10km_10km,manavgat_2021,evia_2021_extended,thermal,5232,2664,0.5091743119266054,0.72692318486711,0.6876231500650034,1.350467087515052,0.5465394378638353,0.14677177177177178,0.485202492211838,0.28265765765765766,0.4287383177570092
ref_10km_10km,manavgat_2021,evia_2021_extended,baseline,5232,2664,0.5091743119266054,0.6789854252617104,0.6707659783349746,1.3173602097029233,0.5462098534835869,0.14602102102102102,0.4774143302180684,0.2912912912912913,0.4735202492211836
ref_10km_10km,manavgat_2021,montiferru_2021,thermal,2490,539,0.21646586345381527,0.609681158703638,0.26963807977589976,1.2456378824526724,0.5097854670158058,0.10575139146567718,0.015889287544848776,0.22448979591836735,0.03382880574064581
ref_10km_10km,manavgat_2021,montiferru_2021,baseline,2490,539,0.21646586345381527,0.603571357250789,0.27145819855720865,1.2540462233904444,0.5121663251367317,0.14471243042671614,0.12352639671963095,0.26159554730983303,0.08508457201435161
ref_10km_10km,bejis_2022,manavgat_2021,thermal,8193,784,0.09569144391553766,0.603317531628659,0.12850903650343154,1.3429522143783348,0.5194419645801931,0.15433673469387754,0.06037414965986393,0.2895408163265306,0.11192602040816325
ref_10km_10km,bejis_2022,manavgat_2021,baseline,8193,784,0.09569144391553766,0.5364597249346492,0.10019614235616833,1.047075247862356,0.502253913904751,0.10331632653061225,0.0036848072562358255,0.1989795918367347,-0.001275510204081648
ref_10km_10km,bejis_2022,mugla_2021,thermal,18674,2911,0.15588518796187212,0.631353207604753,0.21064861323102468,1.3513061502838046,0.5216332756855111,0.16248711782892478,0.11539681532703165,0.2796289934730333,0.09953624184129164
ref_10km_10km,bejis_2022,mugla_2021,baseline,18674,2911,0.15588518796187212,0.6270120012178854,0.2019441671074251,1.2954673227633309,0.5105750576530316,0.12779113706630024,0.051322717756772177,0.24836825833047063,0.060460322913088275
ref_10km_10km,bejis_2022,evia_2021_extended,thermal,5232,2664,0.5091743119266054,0.6020573727933541,0.5795217086187499,1.1381597520620494,0.519951118112702,0.12087087087087087,0.21651090342679113,0.2225975975975976,0.11721183800623042
ref_10km_10km,bejis_2022,evia_2021_extended,baseline,5232,2664,0.5091743119266054,0.6445993306390503,0.5886332326842879,1.1560544569835565,0.500312305049762,0.10923423423423423,0.09579439252336436,0.2376126126126126,0.19509345794392507
ref_10km_10km,bejis_2022,montiferru_2021,thermal,2490,539,0.21646586345381527,0.6694017339473882,0.352581682628853,1.6288096284709535,0.5299068962854259,0.150278293135436,0.13890312660174273,0.30241187384044527,0.14146591491542798
ref_10km_10km,bejis_2022,montiferru_2021,baseline,2490,539,0.21646586345381527,0.6040249565181833,0.30894113376050125,1.4272048665373804,0.5344779236594885,0.16883116883116883,0.1901588928754485,0.2727272727272727,0.10046130189646332
ref_10km_10km,mugla_2021,manavgat_2021,thermal,8193,784,0.09569144391553766,0.5161989279447776,0.0951031268083625,0.9938519361491248,0.4972445116029377,0.08673469387755102,-0.014739229024943318,0.1683673469387755,-0.039540816326530635
ref_10km_10km,mugla_2021,manavgat_2021,baseline,8193,784,0.09569144391553766,0.6114793163857526,0.13735122307455655,1.4353553197064308,0.5213938609804692,0.1556122448979592,0.06179138321995465,0.288265306122449,0.11033163265306123
ref_10km_10km,mugla_2021,bejis_2022,thermal,5601,1100,0.19639350116050705,0.6005303871866858,0.2550328768039423,1.2985810390717099,0.5208195095401447,0.14454545454545453,0.10886469673405905,0.2790909090909091,0.09886363636363638
ref_10km_10km,mugla_2021,bejis_2022,baseline,5601,1100,0.19639350116050705,0.5330886065722767,0.19698139988100816,1.0029934733941153,0.49221321365055504,0.07181818181818182,-0.0688735836480782,0.1572727272727273,-0.053409090909090906
ref_10km_10km,mugla_2021,evia_2021_extended,thermal,5232,2664,0.5091743119266054,0.7278867652699428,0.7027582716915928,1.380191920979885,0.5551732561385783,0.15165165165165165,0.5358255451713394,0.2807807807807808,0.4190031152647974
ref_10km_10km,mugla_2021,evia_2021_extended,baseline,5232,2664,0.5091743119266054,0.6718498580356056,0.6392344146134661,1.2554333548264471,0.5268440784611468,0.13025525525525525,0.3138629283489095,0.2605105105105105,0.3138629283489095
ref_10km_10km,mugla_2021,montiferru_2021,thermal,2490,539,0.21646586345381527,0.5491945997913633,0.22276344047736515,1.0290927027618537,0.4843647891053694,0.07606679035250463,-0.06611993849308051,0.1614100185528757,-0.05330599692465403
ref_10km_10km,mugla_2021,montiferru_2021,baseline,2490,539,0.21646586345381527,0.5912728261706808,0.2730720395061805,1.2615016296296648,0.5194910799401267,0.15213358070500926,0.14402870322911324,0.2820037105751391,0.11327524346488976
ref_10km_10km,evia_2021_extended,manavgat_2021,thermal,8193,784,0.09569144391553766,0.6839738831151302,0.19769335265768753,2.0659459672505536,0.566898363226772,0.28061224489795916,0.2006802721088435,0.4451530612244898,0.3064413265306122
ref_10km_10km,evia_2021_extended,manavgat_2021,baseline,8193,784,0.09569144391553766,0.6589237682520707,0.17262798470744223,1.804006477943972,0.5459419800199455,0.22704081632653061,0.141156462585034,0.4017857142857143,0.25223214285714285
ref_10km_10km,evia_2021_extended,bejis_2022,thermal,5601,1100,0.19639350116050705,0.5207648805315991,0.1883428349432974,0.9590074713794625,0.48358270198329134,0.06181818181818182,-0.09331259720062209,0.1618181818181818,-0.04772727272727276
ref_10km_10km,evia_2021_extended,bejis_2022,baseline,5601,1100,0.19639350116050705,0.4519953141726081,0.16925792927436362,0.8618306016961006,0.4891834775685148,0.06363636363636363,-0.08886914019106867,0.13090909090909092,-0.08636363636363636
ref_10km_10km,evia_2021_extended,mugla_2021,thermal,18674,2911,0.15588518796187212,0.6369476913190233,0.252645945195923,1.6207180970761477,0.5414588445073509,0.18172449330127105,0.15092304764321512,0.30814153211954654,0.13517691514943314
ref_10km_10km,evia_2021_extended,mugla_2021,baseline,18674,2911,0.15588518796187212,0.5287180148460232,0.18474538444674957,1.1851375160283757,0.5204416751119595,0.1432497423565785,0.07987058301084818,0.24939883201648919,0.06174854002061147
ref_10km_10km,evia_2021_extended,montiferru_2021,thermal,2490,539,0.21646586345381527,0.7099218420884966,0.3342927061430073,1.5443206647422787,0.5149360684289754,0.150278293135436,0.13890312660174273,0.3079777365491651,0.14915427985648383
ref_10km_10km,evia_2021_extended,montiferru_2021,baseline,2490,539,0.21646586345381527,0.5923240923973149,0.27561575898620694,1.2732527641477833,0.5138104535637322,0.14656771799628943,0.12865197334700154,0.2820037105751391,0.11327524346488976
ref_10km_10km,montiferru_2021,manavgat_2021,thermal,8193,784,0.09569144391553766,0.6556093182312741,0.13507202874324242,1.4115371575170728,0.5113417123105858,0.14540816326530612,0.05045351473922901,0.288265306122449,0.11033163265306123
ref_10km_10km,montiferru_2021,manavgat_2021,baseline,8193,784,0.09569144391553766,0.5908582811583265,0.11326659259471458,1.1836647871536945,0.506018803298859,0.13520408163265307,0.03911564625850341,0.2181122448979592,0.022640306122448974
ref_10km_10km,montiferru_2021,bejis_2022,thermal,5601,1100,0.19639350116050705,0.6240372846438166,0.27923041425230816,1.4217905002065254,0.5272766604763003,0.15636363636363637,0.1377471672961564,0.28363636363636363,0.10454545454545452
ref_10km_10km,montiferru_2021,bejis_2022,baseline,5601,1100,0.19639350116050705,0.6610190664700774,0.28740750272122,1.4634267479468666,0.5271518609899555,0.15272727272727274,0.12886025327704956,0.24818181818181817,0.0602272727272727
ref_10km_10km,montiferru_2021,mugla_2021,thermal,18674,2911,0.15588518796187212,0.603046166950845,0.18581970055352404,1.1920292298648258,0.501431385987173,0.09859154929577464,-0.0026010277231491687,0.21951219512195122,0.02439024390243901
ref_10km_10km,montiferru_2021,mugla_2021,baseline,18674,2911,0.15588518796187212,0.626890864297381,0.22533002814965208,1.4454870991640685,0.5301417933224114,0.17141875644108553,0.1318911374738311,0.30848505668155274,0.1356063208519409
ref_10km_10km,montiferru_2021,evia_2021_extended,thermal,5232,2664,0.5091743119266054,0.7000579726923184,0.6742598406973409,1.3242220294776608,0.5440864807256839,0.14527027027027026,0.4696261682242988,0.26876876876876876,0.3566978193146416
ref_10km_10km,montiferru_2021,evia_2021_extended,baseline,5232,2664,0.5091743119266054,0.6554974951587101,0.6119525569910607,1.2018527695860473,0.51633646066135,0.1265015015015015,0.27492211838006214,0.2575075075075075,0.2982866043613706
a1_trim_srcfull,manavgat_2021,bejis_2022,thermal,13072,922,0.07053243574051407,0.3373236299688457,0.048257677432356136,0.6841912791711057,0.47657694355059604,0.014099783080260303,-0.09544468546637744,0.04121475054229935,-0.19848156182212584
a1_trim_srcfull,manavgat_2021,bejis_2022,baseline,13072,922,0.07053243574051407,0.3348704730278603,0.04817434071458751,0.683009741671462,0.4759905977954715,0.010845986984815618,-0.09906001446131599,0.044468546637744036,-0.19441431670281997
a1_trim_srcfull,manavgat_2021,mugla_2021,thermal,37372,2696,0.07213956973134968,0.4541447355134586,0.06291778277809845,0.8721674250679137,0.49320513853173314,0.07381305637982195,-0.029096604022420057,0.14132047477744808,-0.07334940652818991
a1_trim_srcfull,manavgat_2021,mugla_2021,baseline,37372,2696,0.07213956973134968,0.4937967778790211,0.07511753483502928,1.0412806052873569,0.5050053342238299,0.11387240356083086,0.01541378173425651,0.21884272997032642,0.023553412462908006
a1_trim_srcfull,manavgat_2021,evia_2021_extended,thermal,7800,2405,0.30833333333333335,0.6097941229173852,0.3577020931027244,1.1601148965493764,0.49876122872562073,0.10311850311850312,0.013901760889712697,0.23451143451143452,0.07692307692307693
a1_trim_srcfull,manavgat_2021,evia_2021_extended,baseline,7800,2405,0.30833333333333335,0.5848686413653976,0.36744530659436925,1.19171450787363,0.5136216163483126,0.1288981288981289,0.12882298424467098,0.25363825363825365,0.1195551436515292
a1_trim_srcfull,manavgat_2021,montiferru_2021,thermal,1969,405,0.20568816658202133,0.5706269142117395,0.25219597076340217,1.2261083121805898,0.5168882706909359,0.13580246913580246,0.0927109974424552,0.2765432098765432,0.0991048593350383
a1_trim_srcfull,manavgat_2021,montiferru_2021,baseline,1969,405,0.20568816658202133,0.6228616084114804,0.27779667945599307,1.3505720045650627,0.5156651693646355,0.15555555555555556,0.14386189258312018,0.29876543209876544,0.12787723785166238
a1_trim_srcfull,bejis_2022,manavgat_2021,thermal,7196,443,0.06156197887715398,0.2758056865621801,0.039752985766414145,0.6457392450905557,0.48483621595995396,0.03837471783295711,-0.06847253574115877,0.06997742663656885,-0.16252821670428894
a1_trim_srcfull,bejis_2022,manavgat_2021,baseline,7196,443,0.06156197887715398,0.2678715821978962,0.03904350833828031,0.6342146410886346,0.4842610928173629,0.03160270880361174,-0.07599699021820919,0.04740406320541761,-0.19074492099322798
a1_trim_srcfull,bejis_2022,mugla_2021,thermal,20010,1168,0.05837081459270365,0.5425936782515889,0.06259547429681031,1.0723762334581972,0.4965675556310983,0.0976027397260274,-0.00266362252663623,0.21404109589041095,0.01755136986301368
a1_trim_srcfull,bejis_2022,mugla_2021,baseline,20010,1168,0.05837081459270365,0.5322363020968893,0.06722960940602059,1.1517675378548562,0.5120372888744232,0.1404109589041096,0.04490106544901065,0.2508561643835616,0.06357020547945201
a1_trim_srcfull,bejis_2022,evia_2021_extended,thermal,2020,689,0.3410891089108911,0.2748612684680048,0.23530949618094188,0.6898768973664768,0.4748974711550729,0.011611030478955007,-0.457550713749061,0.05224963715529753,-0.3824192336589032
a1_trim_srcfull,bejis_2022,evia_2021_extended,baseline,2020,689,0.3410891089108911,0.5106917875512916,0.32356285524623596,0.9486167889657425,0.47966500003070456,0.05079825834542816,-0.2546957175056349,0.15965166908563136,-0.10443275732531933
a1_trim_srcfull,bejis_2022,montiferru_2021,thermal,767,124,0.16166883963494133,0.5539181257211658,0.16865238437741592,1.0431966033667581,0.49456336622421954,0.08870967741935484,-0.02177293934681182,0.12096774193548387,-0.09879032258064517
a1_trim_srcfull,bejis_2022,montiferru_2021,baseline,767,124,0.16166883963494133,0.5481926955300256,0.1758174433248667,1.087515959920748,0.5002204754348119,0.08064516129032258,-0.03732503888024885,0.20967741935483872,0.012096774193548383
a1_trim_srcfull,mugla_2021,manavgat_2021,thermal,10785,573,0.053129346314325455,0.46889929993731494,0.04580315052006735,0.862106419474566,0.4837155077130157,0.034904013961605584,-0.0723288733759938,0.1012216404886562,-0.12347294938917976
a1_trim_srcfull,mugla_2021,manavgat_2021,baseline,10785,573,0.053129346314325455,0.5688639926063099,0.058106905770196754,1.0936875719573682,0.49247712974694896,0.06980802792321117,-0.03354663564087648,0.2006980802792321,0.0008726003490401243
a1_trim_srcfull,mugla_2021,bejis_2022,thermal,6596,514,0.0779260157671316,0.5602898519199986,0.08507235297443805,1.0917066930338393,0.49522375039252947,0.08754863813229571,-0.013834846519671434,0.19455252918287938,-0.006809338521400789
a1_trim_srcfull,mugla_2021,bejis_2022,baseline,6596,514,0.0779260157671316,0.4207631884350964,0.06315489227095675,0.810446827663873,0.4891261167350194,0.05252918287937743,-0.052745352356247305,0.09922178988326848,-0.12597276264591442
a1_trim_srcfull,mugla_2021,evia_2021_extended,thermal,6940,2048,0.29510086455331414,0.6671818306674162,0.3896142160041835,1.3202747358735514,0.5132341092263955,0.130859375,0.12919051512673752,0.259765625,0.12510220768601796
a1_trim_srcfull,mugla_2021,evia_2021_extended,baseline,6940,2048,0.29510086455331414,0.6066755293240239,0.3553914525315482,1.2043050198090548,0.5095930654774713,0.1201171875,0.08421913327882255,0.24169921875,0.0872853638593622
a1_trim_srcfull,mugla_2021,montiferru_2021,thermal,1296,203,0.1566358024691358,0.6242862100514244,0.23568936346899166,1.5046966258907053,0.537154081847835,0.18719211822660098,0.161939615736505,0.33004926108374383,0.16256157635467977
a1_trim_srcfull,mugla_2021,montiferru_2021,baseline,1296,203,0.1566358024691358,0.6655384240960163,0.3010050317779373,1.9216872964739249,0.562779713267141,0.22660098522167488,0.23513266239707228,0.39901477832512317,0.24876847290640394
a1_trim_srcfull,evia_2021_extended,manavgat_2021,thermal,9034,620,0.06862962143015276,0.647344479630723,0.11679284692372256,1.7017848050143702,0.5413100003511006,0.21935483870967742,0.13261648745519714,0.3548387096774194,0.1935483870967742
a1_trim_srcfull,evia_2021_extended,manavgat_2021,baseline,9034,620,0.06862962143015276,0.6523679811680992,0.11061891340223404,1.6118246188319068,0.5251908554059186,0.17419354838709677,0.08243727598566307,0.3580645161290323,0.19758064516129034
a1_trim_srcfull,evia_2021_extended,bejis_2022,thermal,6712,462,0.06883194278903457,0.36817281385281386,0.049428443049915845,0.7181032678593834,0.47368421052631576,0.0,-0.11111111111111112,0.015151515151515152,-0.23106060606060608
a1_trim_srcfull,evia_2021_extended,bejis_2022,baseline,6712,462,0.06883194278903457,0.32297229437229436,0.046397325762628165,0.6740667760146325,0.4786438824333561,0.021645021645021644,-0.08706108706108706,0.047619047619047616,-0.1904761904761905
a1_trim_srcfull,evia_2021_extended,mugla_2021,thermal,32139,1974,0.06142070381779147,0.5997987260543203,0.08317200208031052,1.3541362587938701,0.5210787159186305,0.16818642350557245,0.07576269278396938,0.28419452887537994,0.10524316109422491
a1_trim_srcfull,evia_2021_extended,mugla_2021,baseline,32139,1974,0.06142070381779147,0.5934762050868149,0.08862161604024434,1.4428622684485375,0.5251253638856426,0.16666666666666666,0.07407407407407406,0.28419452887537994,0.10524316109422491
a1_trim_srcfull,evia_2021_extended,montiferru_2021,thermal,2163,465,0.21497919556171982,0.7006218574667225,0.3368151674448595,1.5667337788886693,0.5184240855948907,0.13333333333333333,0.09128386336866899,0.3139784946236559,0.1560659599528857
a1_trim_srcfull,evia_2021_extended,montiferru_2021,baseline,2163,465,0.21497919556171982,0.5556568765277302,0.2565156718506474,1.1932116090601081,0.5152764696040416,0.13333333333333333,0.09128386336866899,0.23010752688172043,0.041224970553592435
a1_trim_srcfull,montiferru_2021,manavgat_2021,thermal,5387,407,0.07555225542973826,0.6990675231639086,0.12341580714691194,1.633515855283574,0.5171868126845933,0.16953316953316952,0.07725907725907724,0.3415233415233415,0.17690417690417687
a1_trim_srcfull,montiferru_2021,manavgat_2021,baseline,5387,407,0.07555225542973826,0.647277068963816,0.1052219810100194,1.3927046970539914,0.5085164140332181,0.12039312039312039,0.02265902265902265,0.2628992628992629,0.07862407862407862
a1_trim_srcfull,montiferru_2021,bejis_2022,thermal,2619,187,0.07140129820542192,0.39248082606248236,0.05418544632919956,0.7588860103538698,0.4768065719110611,0.03208556149732621,-0.0754604872251931,0.11229946524064172,-0.10962566844919787
a1_trim_srcfull,montiferru_2021,bejis_2022,baseline,2619,187,0.07140129820542192,0.5090614445538982,0.06639342884770351,0.929863048941901,0.4767348200927311,0.016042780748663103,-0.0932857991681521,0.0855614973262032,-0.143048128342246
a1_trim_srcfull,montiferru_2021,mugla_2021,thermal,18902,1119,0.05920008464712729,0.5539611512576627,0.06222704524593388,1.0511310180863647,0.48730334028651695,0.05987488829311886,-0.044583457452090164,0.1876675603217158,-0.015415549597855259
a1_trim_srcfull,montiferru_2021,mugla_2021,baseline,18902,1119,0.05920008464712729,0.52631226909535,0.057990289500335634,0.9795643003890475,0.4890066638381445,0.058981233243967826,-0.04557640750670242,0.14924039320822163,-0.06344950848972297
a1_trim_srcfull,montiferru_2021,evia_2021_extended,thermal,3950,1059,0.2681012658227848,0.6745515126394342,0.38748141466482355,1.4452800641416932,0.5326926539266218,0.16619452313503305,0.2424766516776202,0.29461756373937675,0.17329643721895535
a1_trim_srcfull,montiferru_2021,evia_2021_extended,baseline,3950,1059,0.2681012658227848,0.6376194689716286,0.3462104655846082,1.2913421520861212,0.508977603520149,0.12653446647780925,0.09719820131442404,0.2776203966005666,0.14216534071255624
a1_trim_src10km,manavgat_2021,bejis_2022,thermal,11809,869,0.07358794140062665,0.2891726605840414,0.04717629232115877,0.6410872681479446,0.47500292586505677,0.012658227848101266,-0.09704641350210971,0.039125431530494824,-0.20109321058688145
a1_trim_src10km,manavgat_2021,bejis_2022,baseline,11809,869,0.07358794140062665,0.3126457105711034,0.04866032886936653,0.6612541123341189,0.47412876485755384,0.004602991944764097,-0.10599667561692878,0.03567318757192175,-0.2054085155350978
a1_trim_src10km,manavgat_2021,mugla_2021,thermal,36391,2523,0.06933032892748207,0.5267076672807877,0.07070852034510519,1.0198786222270007,0.49252327974391824,0.08363059849385653,-0.018188223895714978,0.20967102655568767,0.012088783194609577
a1_trim_src10km,manavgat_2021,mugla_2021,baseline,36391,2523,0.06933032892748207,0.5521669344054306,0.08185410418299724,1.1806392014758036,0.5086949272587529,0.1304003170828379,0.03377813009204209,0.25881886642885454,0.07352358303606817
a1_trim_src10km,manavgat_2021,evia_2021_extended,thermal,7539,2330,0.3090595569704205,0.6392178196040692,0.38110135688073765,1.2331000555896485,0.5064074996954716,0.12317596566523605,0.10366673065847566,0.251931330472103,0.11614513342292178
a1_trim_src10km,manavgat_2021,evia_2021_extended,baseline,7539,2330,0.3090595569704205,0.6002699602948676,0.3810079782990837,1.2327979177668635,0.5131012279445625,0.13433476394849786,0.15358034171626034,0.2755364806866953,0.16893837588788635
a1_trim_src10km,manavgat_2021,montiferru_2021,thermal,1766,342,0.19365798414496035,0.6244681812208425,0.26189297438393155,1.3523479320526992,0.5204207171783194,0.14035087719298245,0.09691011235955051,0.25146198830409355,0.06432748538011693
a1_trim_src10km,manavgat_2021,montiferru_2021,baseline,1766,342,0.19365798414496035,0.643730698469019,0.2746754164801553,1.4183531739881705,0.5243177676104316,0.17251461988304093,0.17415730337078644,0.2982456140350877,0.12280701754385961
a1_trim_src10km,bejis_2022,manavgat_2021,thermal,5734,357,0.0622602023020579,0.48215008525262437,0.06613507935705393,1.0622368208217008,0.5081625340248959,0.13445378151260504,0.038281979458450036,0.24649859943977592,0.05812324929971989
a1_trim_src10km,bejis_2022,manavgat_2021,baseline,5734,357,0.0622602023020579,0.3208197171373664,0.044140437369828506,0.7089671369148366,0.4913837230124179,0.06162464985994398,-0.04263927793339558,0.11484593837535013,-0.10644257703081234
a1_trim_src10km,bejis_2022,mugla_2021,thermal,17074,886,0.051891765257116085,0.5192772312461758,0.05099866956260589,0.9827892597200146,0.4929174248440395,0.07900677200902935,-0.023325808878856283,0.18058690744920994,-0.02426636568848759
a1_trim_src10km,bejis_2022,mugla_2021,baseline,17074,886,0.051891765257116085,0.5435263057494306,0.0564153541723552,1.087173540788705,0.5030900874567013,0.10948081264108352,0.010534236267870567,0.20654627539503387,0.008182844243792321
a1_trim_src10km,bejis_2022,evia_2021_extended,thermal,1211,412,0.34021469859620146,0.4459123661858877,0.29401794222087263,0.8642129321103805,0.4849143954214613,0.05825242718446602,-0.21526908635794742,0.12864077669902912,-0.18397997496871088
a1_trim_src10km,bejis_2022,evia_2021_extended,baseline,1211,412,0.34021469859620146,0.5204260179593424,0.32245750878858803,0.9478059299586896,0.4786597708044611,0.03640776699029126,-0.32790988735919896,0.1553398058252427,-0.11514392991239053
a1_trim_src10km,bejis_2022,montiferru_2021,thermal,675,98,0.1451851851851852,0.5902804796095215,0.2084951543903857,1.4360635634031669,0.5312712332949233,0.19387755102040816,0.15944540727902942,0.2857142857142857,0.10714285714285711
a1_trim_src10km,bejis_2022,montiferru_2021,baseline,675,98,0.1451851851851852,0.6134297739893184,0.19606179573618648,1.3504256338972027,0.5144335212877452,0.1326530612244898,0.05545927209705372,0.2857142857142857,0.10714285714285711
a1_trim_src10km,mugla_2021,manavgat_2021,thermal,11430,592,0.05179352580927384,0.4549412914021237,0.043675645179246006,0.8432645682411856,0.4874906058630964,0.052364864864864864,-0.052927927927927935,0.10810810810810811,-0.11486486486486487
a1_trim_src10km,mugla_2021,manavgat_2021,baseline,11430,592,0.05179352580927384,0.5779215273586928,0.06291979781245849,1.2148197449263523,0.5100796824932663,0.13344594594594594,0.03716216216216215,0.2516891891891892,0.06461148648648649
a1_trim_src10km,mugla_2021,bejis_2022,thermal,6880,531,0.07718023255813954,0.5521405716872239,0.08460564232144241,1.0962086990047528,0.4978022111320759,0.09792843691148775,-0.0023017367650136128,0.20903954802259886,0.01129943502824856
a1_trim_src10km,mugla_2021,bejis_2022,baseline,6880,531,0.07718023255813954,0.5408672392022233,0.07662368592932889,0.9927890003649392,0.485456270192296,0.04519774011299435,-0.060891399874450726,0.11864406779661017,-0.1016949152542373
a1_trim_src10km,mugla_2021,evia_2021_extended,thermal,6964,2091,0.3002584721424469,0.6636263630897195,0.3962949044782219,1.319845870294757,0.51656290369924,0.1291248206599713,0.12497434845064637,0.25633668101386897,0.12087010055407346
a1_trim_src10km,mugla_2021,evia_2021_extended,baseline,6964,2091,0.3002584721424469,0.5899656144109152,0.35440196813544955,1.1803229584386756,0.5107247662837745,0.11812529890004782,0.07777549764005741,0.22859875657580106,0.06135850605376564
a1_trim_src10km,mugla_2021,montiferru_2021,thermal,1368,222,0.16228070175438597,0.5968232630536295,0.21745878974281208,1.3400163259827338,0.5247617416258915,0.16216216216216217,0.12041884816753926,0.28378378378378377,0.1047297297297297
a1_trim_src10km,mugla_2021,montiferru_2021,baseline,1368,222,0.16228070175438597,0.6076010565539361,0.23799379093638948,1.4665563333377514,0.528448260881438,0.17117117117117117,0.13787085514834205,0.3153153153153153,0.14414414414414412
a1_trim_src10km,evia_2021_extended,manavgat_2021,thermal,5807,480,0.08265885999655588,0.6855774044177461,0.15453237436258885,1.8695197873407363,0.5467261287252296,0.24375,0.1597222222222222,0.39791666666666664,0.2473958333333333
a1_trim_src10km,evia_2021_extended,manavgat_2021,baseline,5807,480,0.08265885999655588,0.6845103169388649,0.1508583904316142,1.8250722359091327,0.543264781533334,0.22708333333333333,0.1412037037037037,0.37916666666666665,0.2239583333333333
a1_trim_src10km,evia_2021_extended,bejis_2022,thermal,4423,239,0.05403572236038888,0.2999011976287431,0.035673357206386126,0.6601809996813633,0.47368421052631576,0.0,-0.11111111111111112,0.0,-0.25
a1_trim_src10km,evia_2021_extended,bejis_2022,baseline,4423,239,0.05403572236038888,0.3356525556613359,0.03734068992666355,0.6910371194377944,0.4783085320363478,0.016736401673640166,-0.09251510925151092,0.07531380753138076,-0.15585774058577406
a1_trim_src10km,evia_2021_extended,mugla_2021,thermal,25715,1367,0.05315963445459848,0.6065621999658932,0.09168922372054676,1.724790335021112,0.5408586431179803,0.1755669348939283,0.08396326099325366,0.2648134601316752,0.08101682516459402
a1_trim_src10km,evia_2021_extended,mugla_2021,baseline,25715,1367,0.05315963445459848,0.5718572409402845,0.06962635107760483,1.3097597790494573,0.520990890623669,0.1572787125091441,0.063643013899049,0.27724945135332846,0.09656181419166056
a1_trim_src10km,evia_2021_extended,montiferru_2021,thermal,1853,355,0.19158121964382083,0.7522142198988322,0.37620787263081434,1.9636991210842225,0.5486227745221947,0.2028169014084507,0.24365821094793058,0.4056338028169014,0.25704225352112675
a1_trim_src10km,evia_2021_extended,montiferru_2021,baseline,1853,355,0.19158121964382083,0.6246027567272796,0.27984910948973796,1.4607335208013645,0.5306774241118131,0.18591549295774648,0.2036048064085447,0.3295774647887324,0.16197183098591547
a1_trim_src10km,montiferru_2021,manavgat_2021,thermal,5320,404,0.07593984962406015,0.6980615931812872,0.12292377817889019,1.6186992572071677,0.5153720598816766,0.15841584158415842,0.0649064906490649,0.35396039603960394,0.1924504950495049
a1_trim_src10km,montiferru_2021,manavgat_2021,baseline,5320,404,0.07593984962406015,0.6468885192017981,0.1048885088156189,1.3812051160868626,0.5070821908108331,0.1188118811881188,0.02090209020902089,0.2599009900990099,0.07487623762376237
a1_trim_src10km,montiferru_2021,bejis_2022,thermal,2536,184,0.07255520504731862,0.4063077676722863,0.05637922529535294,0.7770528008098644,0.4759535679260262,0.021739130434782608,-0.08695652173913045,0.11413043478260869,-0.10733695652173915
a1_trim_src10km,montiferru_2021,bejis_2022,baseline,2536,184,0.07255520504731862,0.5193452380952381,0.06898871199996376,0.9508444219125439,0.4774348526595993,0.010869565217391304,-0.09903381642512078,0.05434782608695652,-0.18206521739130435
a1_trim_src10km,montiferru_2021,mugla_2021,thermal,18670,1109,0.059400107123727904,0.5487165720786013,0.06154563708821013,1.0361199679322661,0.4863333942035295,0.058611361587015326,-0.04598737601442742,0.1740306582506763,-0.03246167718665465
a1_trim_src10km,montiferru_2021,mugla_2021,baseline,18670,1109,0.059400107123727904,0.5189237319827438,0.05713983091487283,0.9619482805957401,0.4892928472723448,0.06762849413886383,-0.035968339845706854,0.14156898106402163,-0.07303877366997297
a1_trim_src10km,montiferru_2021,evia_2021_extended,thermal,3897,1051,0.26969463690017964,0.6747002653832345,0.39880983419828075,1.4787458837970504,0.5368963847582868,0.1731684110371075,0.2702037947997189,0.3016175071360609,0.18763176387912858
a1_trim_src10km,montiferru_2021,evia_2021_extended,baseline,3897,1051,0.26969463690017964,0.6277709279319699,0.33748458617420274,1.2513581658619106,0.5040531375986961,0.11607992388201713,0.05938158819395642,0.2597526165556613,0.11033028812368237
a2_aoa_srcfull,manavgat_2021,bejis_2022,thermal,2824,258,0.09135977337110482,0.3031737328330524,0.060313492928530915,0.6601755970161678,0.4746954573077367,0.007751937984496124,-0.1024978466838932,0.023255813953488372,-0.22093023255813957
a2_aoa_srcfull,manavgat_2021,bejis_2022,baseline,2824,258,0.09135977337110482,0.3127337514425372,0.061015426711120854,0.6678587791945941,0.47473043754231414,0.007751937984496124,-0.1024978466838932,0.03875968992248062,-0.20155038759689922
a2_aoa_srcfull,manavgat_2021,mugla_2021,thermal,37740,2599,0.06886592474827768,0.46845735815958,0.061757141284711305,0.896773571406312,0.4941349836533324,0.07618314736437092,-0.026463169595143433,0.1473643709118892,-0.06579453636013852
a2_aoa_srcfull,manavgat_2021,mugla_2021,baseline,37740,2599,0.06886592474827768,0.5064755288755434,0.07373521449138917,1.0707068083512996,0.5061613925786974,0.11735282801077337,0.01928092001197041,0.22316275490573298,0.02895344363216621
a2_aoa_srcfull,manavgat_2021,evia_2021_extended,thermal,7021,1968,0.28030195128899016,0.6274284253578731,0.3398370485222814,1.2123962996315742,0.5017143270633806,0.11178861788617886,0.045913318820502626,0.25,0.09736790025727286
a2_aoa_srcfull,manavgat_2021,evia_2021_extended,baseline,7021,1968,0.28030195128899016,0.58984806779841,0.3388121065767271,1.2087397359121956,0.5130862430339387,0.13058943089430894,0.11913714624975255,0.2571138211382114,0.11122105679794181
a2_aoa_srcfull,manavgat_2021,montiferru_2021,thermal,1555,330,0.21221864951768488,0.6070723562152134,0.27276933929440883,1.285322189705472,0.5148976336946262,0.13636363636363635,0.09795918367346934,0.2909090909090909,0.1224489795918367
a2_aoa_srcfull,manavgat_2021,montiferru_2021,baseline,1555,330,0.21221864951768488,0.6476165739022882,0.29845138893577056,1.4063391205912825,0.5135501090388308,0.1393939393939394,0.10612244897959185,0.30606060606060603,0.1428571428571428
a2_aoa_srcfull,bejis_2022,manavgat_2021,thermal,2568,204,0.0794392523364486,0.3509536428784712,0.056271633123247455,0.7083605581397033,0.481432879501431,0.024509803921568627,-0.08387799564270153,0.058823529411764705,-0.1764705882352941
a2_aoa_srcfull,bejis_2022,manavgat_2021,baseline,2568,204,0.0794392523364486,0.34452241133339967,0.05616240931280691,0.7069856231141576,0.4820724175323349,0.0196078431372549,-0.08932461873638345,0.05392156862745098,-0.18259803921568626
a2_aoa_srcfull,bejis_2022,mugla_2021,thermal,4129,85,0.020586098328893195,0.5561019956944202,0.024125879858242178,1.1719500933491995,0.4939902557930872,0.09411764705882353,-0.006535947712418308,0.27058823529411763,0.08823529411764702
a2_aoa_srcfull,bejis_2022,mugla_2021,baseline,4129,85,0.020586098328893195,0.5772720660964682,0.02452059826712431,1.1911241205288974,0.4981917177303531,0.10588235294117647,0.006535947712418293,0.24705882352941178,0.058823529411764705
a2_aoa_srcfull,bejis_2022,evia_2021_extended,thermal,959,138,0.14389989572471323,0.4459302017687868,0.13732387960848857,0.9543014532213083,0.4921868830313352,0.09420289855072464,-0.009744214372716203,0.2028985507246377,0.0036231884057971037
a2_aoa_srcfull,bejis_2022,evia_2021_extended,baseline,959,138,0.14389989572471323,0.6672271355187205,0.22408161432245843,1.557204841559693,0.5233018467367381,0.14492753623188406,0.07551766138855052,0.2898550724637681,0.11231884057971014
a2_aoa_srcfull,bejis_2022,montiferru_2021,thermal,77,8,0.1038961038961039,0.5760869565217392,0.16869059732836822,1.623646999285544,0.5204042715484363,0.125,0.028985507246376805,0.25,0.062499999999999986
a2_aoa_srcfull,bejis_2022,montiferru_2021,baseline,77,8,0.1038961038961039,0.6503623188405796,0.2047929318488529,1.971131969045209,0.5299389778794813,0.125,0.028985507246376805,0.375,0.21874999999999997
a2_aoa_srcfull,mugla_2021,manavgat_2021,thermal,10667,600,0.05624824224242993,0.49615691533392936,0.051105935252689284,0.9085783522340609,0.4827739234845831,0.035,-0.07222222222222223,0.1,-0.125
a2_aoa_srcfull,mugla_2021,manavgat_2021,baseline,10667,600,0.05624824224242993,0.5828820237740472,0.06373616555842482,1.1331227966861959,0.49369809992349506,0.07166666666666667,-0.031481481481481485,0.21833333333333332,0.02291666666666664
a2_aoa_srcfull,mugla_2021,bejis_2022,thermal,494,86,0.17408906882591094,0.6526732786137711,0.2515978629822047,1.4452249338745247,0.5016739866081071,0.13953488372093023,0.08333333333333331,0.32558139534883723,0.1569767441860465
a2_aoa_srcfull,mugla_2021,bejis_2022,baseline,494,86,0.17408906882591094,0.38397742818057456,0.14536427212343248,0.83499942359274,0.4932140542875657,0.046511627906976744,-0.11274509803921569,0.11627906976744186,-0.10465116279069768
a2_aoa_srcfull,mugla_2021,evia_2021_extended,thermal,5570,1279,0.2296229802513465,0.6883248736513994,0.34117866084152776,1.4858210640244798,0.5260029741763823,0.1563721657544957,0.16802610114192493,0.29163408913213446,0.13656490328594728
a2_aoa_srcfull,mugla_2021,evia_2021_extended,baseline,5570,1279,0.2296229802513465,0.611746151599371,0.28422836099972276,1.2378045119378074,0.5109448001114661,0.13213448006254885,0.09578186902819849,0.25566849100860045,0.08296434397576317
a2_aoa_srcfull,mugla_2021,montiferru_2021,thermal,1008,214,0.2123015873015873,0.6674651004025519,0.33724249571779175,1.5885067088015612,0.5414514416411329,0.18691588785046728,0.234256926952141,0.3598130841121495,0.2153652392947103
a2_aoa_srcfull,mugla_2021,montiferru_2021,baseline,1008,214,0.2123015873015873,0.691088537865769,0.38771848864854186,1.826262787652945,0.5615046939602355,0.205607476635514,0.28463476070528965,0.37850467289719625,0.2405541561712846
a2_aoa_srcfull,evia_2021_extended,manavgat_2021,thermal,9009,610,0.06771006771006771,0.659131551570347,0.11953963833627179,1.765463281592578,0.5436490908928412,0.22950819672131148,0.14389799635701275,0.3836065573770492,0.22950819672131145
a2_aoa_srcfull,evia_2021_extended,manavgat_2021,baseline,9009,610,0.06771006771006771,0.6371687495974345,0.10648672300719171,1.5726867009373608,0.5249095453965975,0.1737704918032787,0.08196721311475409,0.3540983606557377,0.1926229508196721
a2_aoa_srcfull,evia_2021_extended,bejis_2022,thermal,1607,11,0.006845052893590542,0.35207336523126,0.005401614353305383,0.7891267514328864,0.47368421052631576,0.0,-0.11111111111111112,0.0,-0.25
a2_aoa_srcfull,evia_2021_extended,bejis_2022,baseline,1607,11,0.006845052893590542,0.3708133971291866,0.005522847346855141,0.8068377896723828,0.47368421052631576,0.0,-0.11111111111111112,0.0,-0.25
a2_aoa_srcfull,evia_2021_extended,mugla_2021,thermal,28964,1707,0.05893522994061594,0.6287473081357409,0.08594517312804593,1.4582987665382088,0.523539911592289,0.1751611013473931,0.08351233483043677,0.31341534856473346,0.14176918570591682
a2_aoa_srcfull,evia_2021_extended,mugla_2021,baseline,28964,1707,0.05893522994061594,0.6108276061534873,0.09093876351026926,1.5430289082082242,0.5298831732356608,0.1769185705916813,0.08546507843520144,0.3034563561804335,0.12932044522554184
a2_aoa_srcfull,evia_2021_extended,montiferru_2021,thermal,1663,344,0.20685508117859291,0.7296158999947107,0.3568780850607307,1.7252565565581255,0.5281977092174165,0.16569767441860464,0.17134192570128878,0.36046511627906974,0.20924943138741464
a2_aoa_srcfull,evia_2021_extended,montiferru_2021,baseline,1663,344,0.20685508117859291,0.6276028351287973,0.3038701621571057,1.4690002315908919,0.5312646444999782,0.16569767441860464,0.17134192570128878,0.2877906976744186,0.11448066717210006
a2_aoa_srcfull,montiferru_2021,manavgat_2021,thermal,4542,312,0.06869220607661823,0.7181646663029643,0.11448994780333059,1.6667094324446394,0.5070315814996667,0.15384615384615385,0.05982905982905983,0.3525641025641026,0.19070512820512822
a2_aoa_srcfull,montiferru_2021,manavgat_2021,baseline,4542,312,0.06869220607661823,0.6875719827847488,0.10129376386612188,1.4746034470510434,0.5012430489754118,0.10256410256410256,0.0028490028490028387,0.2916666666666667,0.11458333333333334
a2_aoa_srcfull,montiferru_2021,bejis_2022,thermal,361,26,0.07202216066481995,0.35442020665901264,0.05344539087379748,0.7420686963631111,0.47368421052631576,0.0,-0.11111111111111112,0.038461538461538464,-0.20192307692307693
a2_aoa_srcfull,montiferru_2021,bejis_2022,baseline,361,26,0.07202216066481995,0.4723306544202066,0.0672039542609858,0.933101057239072,0.4739863435857151,0.038461538461538464,-0.06837606837606838,0.07692307692307693,-0.15384615384615385
a2_aoa_srcfull,montiferru_2021,mugla_2021,thermal,16870,790,0.04682868998221695,0.6127615089111405,0.06186085489201057,1.3210033190230612,0.5085419836195438,0.13670886075949368,0.04078762306610408,0.26582278481012656,0.08227848101265818
a2_aoa_srcfull,montiferru_2021,mugla_2021,baseline,16870,790,0.04682868998221695,0.5938914210592606,0.06253764069369905,1.3354556943072189,0.5174116923709235,0.1341772151898734,0.037974683544303785,0.22025316455696203,0.025316455696202528
a2_aoa_srcfull,montiferru_2021,evia_2021_extended,thermal,3228,687,0.2128252788104089,0.7358505373590725,0.3940814457155151,1.8516665309602371,0.5626988966033282,0.22707423580786026,0.3435655253837072,0.39446870451237265,0.2628886265249902
a2_aoa_srcfull,montiferru_2021,evia_2021_extended,baseline,3228,687,0.2128252788104089,0.6895129483458186,0.3368912936669201,1.5829477379284107,0.5331110506305341,0.17758369723435224,0.20975993703266427,0.34643377001455605,0.19795356158992525
a2_aoa_src10km,manavgat_2021,bejis_2022,thermal,2787,298,0.10692500897021888,0.25495940527583105,0.06666149077131207,0.6234415261061971,0.47583993378708067,0.010067114093959731,-0.10767376456408197,0.040268456375838924,-0.19966442953020136
a2_aoa_src10km,manavgat_2021,bejis_2022,baseline,2787,298,0.10692500897021888,0.2817012303801155,0.06884454499491008,0.6438582110765583,0.47547804476042166,0.006711409395973154,-0.11169144234632382,0.03691275167785235,-0.20385906040268456
a2_aoa_src10km,manavgat_2021,mugla_2021,thermal,36713,2411,0.06567156048266282,0.5379485728310575,0.06858403711144091,1.0443491308470885,0.4938821266851755,0.0879303193695562,-0.013410756256048675,0.21153048527581916,0.01441310659477394
a2_aoa_src10km,manavgat_2021,mugla_2021,baseline,36713,2411,0.06567156048266282,0.5578252212198376,0.07828630833857224,1.1920884438133565,0.5096387134133218,0.1306511820821236,0.034056868980137316,0.2525922853587723,0.06574035669846538
a2_aoa_src10km,manavgat_2021,evia_2021_extended,thermal,6653,1856,0.27897189237937775,0.6531169242809802,0.35958600062918683,1.2889685679881357,0.5096620973975341,0.13038793103448276,0.11757348342714194,0.26939655172413796,0.13425057327496354
a2_aoa_src10km,manavgat_2021,evia_2021_extended,baseline,6653,1856,0.27897189237937775,0.5955819190154766,0.3423729493659659,1.227266827657204,0.5111168027166102,0.1336206896551724,0.13008130081300806,0.2677801724137931,0.13112361892849692
a2_aoa_src10km,manavgat_2021,montiferru_2021,thermal,1390,274,0.1971223021582734,0.6808139078565262,0.2980947506605215,1.5122324942267331,0.523482003808674,0.145985401459854,0.11290322580645157,0.28102189781021897,0.1012773722627737
a2_aoa_src10km,manavgat_2021,montiferru_2021,baseline,1390,274,0.1971223021582734,0.6740346126677654,0.29598306590054235,1.5015199328531161,0.5186626404328064,0.14963503649635038,0.12186379928315413,0.34306569343065696,0.17883211678832117
a2_aoa_src10km,bejis_2022,manavgat_2021,thermal,2058,84,0.04081632653061224,0.4136693684566025,0.04071134919262816,0.9974280552193899,0.5036159293878059,0.11904761904761904,0.02116402116402115,0.19047619047619047,-0.011904761904761932
a2_aoa_src10km,bejis_2022,manavgat_2021,baseline,2058,84,0.04081632653061224,0.35049090558209095,0.03392450160917206,0.8311502894247156,0.5048601747529919,0.09523809523809523,-0.005291005291005303,0.16666666666666666,-0.04166666666666669
a2_aoa_src10km,bejis_2022,mugla_2021,thermal,4243,88,0.020740042422814048,0.6784104583743573,0.03314899071321637,1.5983087226838302,0.5073238560793187,0.13636363636363635,0.04040404040404039,0.3409090909090909,0.1761363636363636
a2_aoa_src10km,bejis_2022,mugla_2021,baseline,4243,88,0.020740042422814048,0.6873687233344274,0.0355405499784098,1.713619926799918,0.5103610684078098,0.1590909090909091,0.06565656565656565,0.375,0.21874999999999997
a2_aoa_src10km,bejis_2022,evia_2021_extended,thermal,275,9,0.03272727272727273,0.83249791144528,0.09300202641445092,2.841728584886,0.47720177637075145,0.1111111111111111,0.012345679012345666,0.5555555555555556,0.4444444444444444
a2_aoa_src10km,bejis_2022,evia_2021_extended,baseline,275,9,0.03272727272727273,0.7660818713450293,0.0688740714483323,2.10448551647682,0.47368421052631576,0.0,-0.11111111111111112,0.4444444444444444,0.30555555555555547
a2_aoa_src10km,bejis_2022,montiferru_2021,thermal,90,8,0.08888888888888889,0.448170731707317,0.10668019596871797,1.200152204648077,0.5073812580231065,0.125,0.02777777777777777,0.25,0.062499999999999986
a2_aoa_src10km,bejis_2022,montiferru_2021,baseline,90,8,0.08888888888888889,0.5228658536585367,0.12068922692061465,1.3577538028569147,0.49133504492939667,0.125,0.02777777777777777,0.375,0.21874999999999997
a2_aoa_src10km,mugla_2021,manavgat_2021,thermal,11238,624,0.055525894287239724,0.4746493202011857,0.04826513896224038,0.8692365891949637,0.48516628917018667,0.05608974358974359,-0.048789173789173794,0.11858974358974358,-0.10176282051282053
a2_aoa_src10km,mugla_2021,manavgat_2021,baseline,11238,624,0.055525894287239724,0.5877394032071817,0.06682439207998003,1.2034815996711787,0.5022520099875728,0.11858974358974358,0.020655270655270643,0.2467948717948718,0.058493589743589744
a2_aoa_src10km,mugla_2021,bejis_2022,thermal,534,85,0.15917602996254682,0.6150399580767719,0.2147110356044365,1.3488905060325775,0.48697828680176797,0.08235294117647059,-0.03340757238307351,0.3176470588235294,0.14705882352941171
a2_aoa_src10km,mugla_2021,bejis_2022,baseline,534,85,0.15917602996254682,0.46896371020568584,0.1449217117105445,0.9104493418050678,0.4926461969150572,0.058823529411764705,-0.0779510022271715,0.08235294117647059,-0.14705882352941177
a2_aoa_src10km,mugla_2021,evia_2021_extended,thermal,5314,1163,0.2188558524651863,0.6923910429439974,0.33787790424638475,1.543837646745734,0.5315853327841098,0.16766981943250214,0.18959286918814738,0.31212381771281167,0.1570705854011081
a2_aoa_src10km,mugla_2021,evia_2021_extended,baseline,5314,1163,0.2188558524651863,0.6215974644197868,0.2871724722366068,1.3121534973906523,0.5160048966991391,0.13413585554600171,0.0956396049144784,0.2699914015477214,0.09804866297277759
a2_aoa_src10km,mugla_2021,montiferru_2021,thermal,1039,228,0.21944177093359,0.6405942414606183,0.33219296137180215,1.5138091529179931,0.5449372831780925,0.20175438596491227,0.28606658446362504,0.31140350877192985,0.156596794081381
a2_aoa_src10km,mugla_2021,montiferru_2021,baseline,1039,228,0.21944177093359,0.6594630843446472,0.35175397424698024,1.6029490317658441,0.5421962330057736,0.19298245614035087,0.2614056720098643,0.34210526315789475,0.19975339087546237
a2_aoa_src10km,evia_2021_extended,manavgat_2021,thermal,6421,486,0.07568914499299174,0.7006417256908692,0.14153482824319466,1.8699488315834423,0.538641396881493,0.22839506172839505,0.1426611796982167,0.4074074074074074,0.2592592592592592
a2_aoa_src10km,evia_2021_extended,manavgat_2021,baseline,6421,486,0.07568914499299174,0.7058866457958473,0.14814531058868707,1.9572860890739912,0.5465094658599341,0.24074074074074073,0.15637860082304525,0.40329218106995884,0.25411522633744854
a2_aoa_src10km,evia_2021_extended,bejis_2022,thermal,1111,5,0.004500450045004501,0.40506329113924056,0.004350002150191243,0.966570477772494,0.47368421052631576,0.0,-0.11111111111111112,0.0,-0.25
a2_aoa_src10km,evia_2021_extended,bejis_2022,baseline,1111,5,0.004500450045004501,0.41338155515370706,0.004350551077198555,0.966692449353519,0.47368421052631576,0.0,-0.11111111111111112,0.0,-0.25
a2_aoa_src10km,evia_2021_extended,mugla_2021,thermal,24538,1457,0.059377292362865756,0.6628193741137305,0.12594139766253348,2.121036386989188,0.5590415735002712,0.2237474262182567,0.13749714024250742,0.332875772134523,0.16609471516815374
a2_aoa_src10km,evia_2021_extended,mugla_2021,baseline,24538,1457,0.059377292362865756,0.630131680625693,0.09594993885236305,1.6159365817153635,0.5352904058389437,0.19011667810569663,0.10012964233966291,0.3266986959505834,0.1583733699382292
a2_aoa_src10km,evia_2021_extended,montiferru_2021,thermal,1258,283,0.22496025437201908,0.7345293105010419,0.3803875484345002,1.690910020956188,0.5261107375669399,0.1625441696113074,0.18153846153846148,0.3321554770318021,0.19179487179487173
a2_aoa_src10km,evia_2021_extended,montiferru_2021,baseline,1258,283,0.22496025437201908,0.6622669203587933,0.3369399972327168,1.4977756767447268,0.5247850531465931,0.16607773851590105,0.19179487179487173,0.31095406360424027,0.161025641025641
a2_aoa_src10km,montiferru_2021,manavgat_2021,thermal,4323,298,0.06893361091834374,0.7143357372128891,0.11171361032312913,1.620597105459353,0.5019603283083695,0.12751677852348994,0.030574198359433265,0.3389261744966443,0.17365771812080535
a2_aoa_src10km,montiferru_2021,manavgat_2021,baseline,4323,298,0.06893361091834374,0.6915598816124057,0.10130136684675378,1.46954969422321,0.4989150729171923,0.09731543624161074,-0.002982848620432521,0.2785234899328859,0.09815436241610735
a2_aoa_src10km,montiferru_2021,bejis_2022,thermal,304,14,0.046052631578947366,0.2977832512315271,0.033390240826028934,0.7250452293651998,0.47368421052631576,0.0,-0.11111111111111112,0.07142857142857142,-0.16071428571428573
a2_aoa_src10km,montiferru_2021,bejis_2022,baseline,304,14,0.046052631578947366,0.3773399014778325,0.038930889462396756,0.8453564568977582,0.4749805548353643,0.07142857142857142,-0.03174603174603176,0.07142857142857142,-0.16071428571428573
a2_aoa_src10km,montiferru_2021,mugla_2021,thermal,15893,740,0.04656137922355754,0.6085442896866378,0.060092466840536256,1.2906075344549226,0.5054728164378155,0.12027027027027028,0.022522522522522525,0.2662162162162162,0.08277027027027026
a2_aoa_src10km,montiferru_2021,mugla_2021,baseline,15893,740,0.04656137922355754,0.586991693732933,0.058110045381364876,1.2480310151973406,0.512453815087999,0.13648648648648648,0.04054054054054053,0.21081081081081082,0.013513513513513514
a2_aoa_src10km,montiferru_2021,evia_2021_extended,thermal,3070,647,0.21074918566775244,0.7367697892619737,0.40498660761617356,1.921652063959278,0.5683151033109952,0.2302936630602782,0.3479158068510111,0.4126738794435858,0.283945522080066
a2_aoa_src10km,montiferru_2021,evia_2021_extended,baseline,3070,647,0.21074918566775244,0.6840578536066968,0.3303256398783118,1.567387502977461,0.53193686457224,0.17465224111282843,0.1993396615765579,0.33384853168469864,0.17870408584399503
b_win20_win20,manavgat_2021,bejis_2022,thermal,1900,1005,0.5289473684210526,0.4922293560132299,0.5121011561252987,0.9681514394408632,0.49173567622048536,0.09253731343283582,-0.08379888268156431,0.1900497512437811,-0.05586592178770954
b_win20_win20,manavgat_2021,bejis_2022,baseline,1900,1005,0.5289473684210526,0.4825859529169793,0.5044603594628718,0.9537061522183646,0.4928854697403895,0.08258706467661692,-0.19553072625698323,0.15323383084577114,-0.2625698324022347
b_win20_win20,manavgat_2021,mugla_2021,thermal,932,27,0.028969957081545063,0.555269081235932,0.03321157735373072,1.146414447913964,0.49468514749119574,0.1111111111111111,0.012345679012345666,0.2222222222222222,0.02777777777777775
b_win20_win20,manavgat_2021,mugla_2021,baseline,932,27,0.028969957081545063,0.6778800900347861,0.05581821822823252,1.9267621995819522,0.5096550461482128,0.14814814814814814,0.05349794238683126,0.37037037037037035,0.2129629629629629
b_win20_win20,manavgat_2021,evia_2021_extended,thermal,1142,832,0.7285464098073555,0.46287608560794047,0.7254558168954653,0.9957578640560354,0.5049872665534805,0.0985576923076923,-0.03870967741935507,0.20192307692307693,0.02580645161290313
b_win20_win20,manavgat_2021,evia_2021_extended,baseline,1142,832,0.7285464098073555,0.40969874379652604,0.6940894866560036,0.9527045598090818,0.502293652866658,0.0985576923076923,-0.03870967741935507,0.1814903846153846,-0.24838709677419374
b_win20_win20,manavgat_2021,montiferru_2021,thermal,1732,510,0.29445727482678985,0.4857450017650268,0.274545831297797,0.9323791760936949,0.48725042605551133,0.054901960784313725,-0.1882160392798691,0.1607843137254902,-0.08183306055646482
b_win20_win20,manavgat_2021,montiferru_2021,baseline,1732,510,0.29445727482678985,0.5033246686563332,0.2969062205582592,1.008316811778245,0.49733388057609124,0.08431372549019608,-0.06546644844517185,0.2019607843137255,0.004091653027823226
b_win20_win20,bejis_2022,manavgat_2021,thermal,1871,692,0.36985569214323893,0.36081939725543843,0.3164190128883704,0.8555201923614754,0.497078732808429,0.0838150289017341,-0.09499575911789655,0.17196531791907516,-0.08227311280746394
b_win20_win20,bejis_2022,manavgat_2021,baseline,1871,692,0.36985569214323893,0.30410066334259955,0.28746858568852174,0.7772452656404973,0.49031744815273265,0.07803468208092486,-0.12892281594571672,0.15028901734104047,-0.1458863443596268
b_win20_win20,bejis_2022,mugla_2021,thermal,932,27,0.028969957081545063,0.3495805197462656,0.02112577249081636,0.7292303689422537,0.47368421052631576,0.0,-0.11111111111111112,0.037037037037037035,-0.20370370370370372
b_win20_win20,bejis_2022,mugla_2021,baseline,932,27,0.028969957081545063,0.5195416410886025,0.029428063000573046,1.0158131376494104,0.47368421052631576,0.0,-0.11111111111111112,0.1111111111111111,-0.11111111111111113
b_win20_win20,bejis_2022,evia_2021_extended,thermal,1142,832,0.7285464098073555,0.4856273263027296,0.7667369382704518,1.0524201724817979,0.550350169779287,0.12860576923076922,0.7677419354838704,0.22596153846153846,0.3483870967741934
b_win20_win20,bejis_2022,evia_2021_extended,baseline,1142,832,0.7285464098073555,0.4496006513647643,0.6970264804680557,0.9567358662193746,0.49488621522789605,0.0889423076923077,-0.29677419354838713,0.1778846153846154,-0.29677419354838713
b_win20_win20,bejis_2022,montiferru_2021,thermal,1732,510,0.29445727482678985,0.576452937967331,0.3894514983207872,1.3226078335129479,0.5474978000503328,0.18235294117647058,0.3436988543371522,0.2725490196078431,0.15139116202945985
b_win20_win20,bejis_2022,montiferru_2021,baseline,1732,510,0.29445727482678985,0.5174529058759346,0.36382577400848914,1.2355808638876533,0.5376626315958376,0.1568627450980392,0.23731587561374792,0.22549019607843138,0.053191489361702114
b_win20_win20,mugla_2021,manavgat_2021,thermal,1871,692,0.36985569214323893,0.5982518005363612,0.44602784624284525,1.2059510120236465,0.5204093902703043,0.13583815028901733,0.21034775233248504,0.24277456647398843,0.12553011026293462
b_win20_win20,mugla_2021,manavgat_2021,baseline,1871,692,0.36985569214323893,0.5638222114361637,0.5107359489704051,1.3809060123173813,0.5686879688742219,0.18063583815028902,0.47328244274809156,0.2875722543352601,0.2569974554707379
b_win20_win20,mugla_2021,bejis_2022,thermal,1900,1005,0.5289473684210526,0.4791928625031268,0.517367378636054,0.97810748199851,0.49550395625518395,0.08656716417910448,-0.1508379888268156,0.19303482587064677,-0.039106145251396676
b_win20_win20,mugla_2021,bejis_2022,baseline,1900,1005,0.5289473684210526,0.5726340365213041,0.5865184913447137,1.108840928910404,0.5130375760129081,0.11940298507462686,0.2178770949720669,0.2208955223880597,0.11731843575418988
b_win20_win20,mugla_2021,evia_2021_extended,thermal,1142,832,0.7285464098073555,0.44177458126550867,0.699814321367952,0.9605624459161072,0.49129473031213267,0.09134615384615384,-0.2322580645161293,0.1971153846153846,-0.03870967741935507
b_win20_win20,mugla_2021,evia_2021_extended,baseline,1142,832,0.7285464098073555,0.2633432847394541,0.6013268064832672,0.825378861783523,0.47974484132166645,0.06009615384615385,-1.0709677419354837,0.125,-1.0064516129032257
b_win20_win20,mugla_2021,montiferru_2021,thermal,1732,510,0.29445727482678985,0.3859383524277141,0.24077118138480752,0.8176778159970326,0.4827103379899638,0.049019607843137254,-0.21276595744680854,0.1392156862745098,-0.12684124386252046
b_win20_win20,mugla_2021,montiferru_2021,baseline,1732,510,0.29445727482678985,0.4532099419145727,0.2623542908675121,0.890975748593198,0.4881793875272566,0.060784313725490195,-0.16366612111292966,0.13725490196078433,-0.1309328968903437
b_win20_win20,evia_2021_extended,manavgat_2021,thermal,1871,692,0.36985569214323893,0.5574069579883021,0.41812266645692037,1.1305021805504305,0.4964768552601259,0.10838150289017341,0.04919423240033924,0.27890173410404623,0.23155216284987268
b_win20_win20,evia_2021_extended,manavgat_2021,baseline,1871,692,0.36985569214323893,0.5310135953365005,0.37812801689026665,1.0223663578059088,0.4964078296463334,0.08526011560693642,-0.0865139949109415,0.1791907514450867,-0.06106870229007638
b_win20_win20,evia_2021_extended,bejis_2022,thermal,1900,1005,0.5289473684210526,0.5683982323021763,0.5771186579021098,1.0910700995164266,0.5040118431658234,0.10746268656716418,0.08379888268156416,0.2228855721393035,0.1284916201117318
b_win20_win20,evia_2021_extended,bejis_2022,baseline,1900,1005,0.5289473684210526,0.5070869118096667,0.5360087644851041,1.0133499030066646,0.509430208557331,0.11243781094527364,0.1396648044692737,0.18009950248756218,-0.11173184357541908
b_win20_win20,evia_2021_extended,mugla_2021,thermal,932,27,0.028969957081545063,0.3040720278289339,0.019665073908676365,0.6788092178846805,0.47368421052631576,0.0,-0.11111111111111112,0.037037037037037035,-0.20370370370370372
b_win20_win20,evia_2021_extended,mugla_2021,baseline,932,27,0.028969957081545063,0.2767341927562922,0.019284171044919692,0.665661015328339,0.47659203256760685,0.037037037037037035,-0.06995884773662552,0.037037037037037035,-0.20370370370370372
b_win20_win20,evia_2021_extended,montiferru_2021,thermal,1732,510,0.29445727482678985,0.5581022752799975,0.33079763255629313,1.1234147050735288,0.5101197684690209,0.11568627450980393,0.06546644844517185,0.1980392156862745,-0.004091653027823284
b_win20_win20,evia_2021_extended,montiferru_2021,baseline,1732,510,0.29445727482678985,0.5550038509675556,0.3292129831600806,1.1180331114377637,0.5053339278686753,0.12352941176470589,0.09819967266775778,0.24705882352941178,0.09819967266775778
b_win20_win20,montiferru_2021,manavgat_2021,thermal,1871,692,0.36985569214323893,0.39195065868498336,0.31103149967398097,0.8409536645809513,0.48916981668603254,0.07369942196531792,-0.15436810856658184,0.15606936416184972,-0.12892281594571672
b_win20_win20,montiferru_2021,manavgat_2021,baseline,1871,692,0.36985569214323893,0.3195670132913658,0.28232022487608577,0.7633253478947347,0.484665089012077,0.06213872832369942,-0.22222222222222224,0.12861271676300579,-0.20949957591178964
b_win20_win20,montiferru_2021,bejis_2022,thermal,1900,1005,0.5289473684210526,0.5952049806831763,0.6158635744220242,1.1643191954247225,0.5312148460871181,0.1373134328358209,0.41899441340782106,0.23880597014925373,0.2178770949720669
b_win20_win20,montiferru_2021,bejis_2022,baseline,1900,1005,0.5289473684210526,0.5923021762694906,0.6096546704568007,1.1525809690228073,0.524377524316085,0.1263681592039801,0.2960893854748601,0.22885572139303484,0.1620111731843575
b_win20_win20,montiferru_2021,mugla_2021,thermal,932,27,0.028969957081545063,0.36353591160220994,0.0217283014587796,0.7500287762808365,0.47368421052631576,0.0,-0.11111111111111112,0.0,-0.25
b_win20_win20,montiferru_2021,mugla_2021,baseline,932,27,0.028969957081545063,0.3324329854716595,0.020672935883273288,0.713599120118915,0.47368421052631576,0.0,-0.11111111111111112,0.0,-0.25
b_win20_win20,montiferru_2021,evia_2021_extended,thermal,1142,832,0.7285464098073555,0.6884421526054592,0.8444449283937631,1.1590818608481699,0.5582269491968134,0.12860576923076922,0.7677419354838704,0.2403846153846154,0.5419354838709676
b_win20_win20,montiferru_2021,evia_2021_extended,baseline,1142,832,0.7285464098073555,0.6228055210918115,0.812802536856325,1.1156496359253885,0.5395144965391145,0.12259615384615384,0.6064516129032254,0.234375,0.46129032258064495
b_full_win20,manavgat_2021,bejis_2022,thermal,1900,1005,0.5289473684210526,0.5089374357263959,0.5426187821046281,1.0258464537301428,0.5047257098804712,0.10746268656716418,0.08379888268156416,0.2109452736318408,0.06145251396648034
b_full_win20,manavgat_2021,bejis_2022,baseline,1900,1005,0.5289473684210526,0.490270435531838,0.5305722976356075,1.003072005480253,0.49980471064261167,0.10746268656716418,0.08379888268156416,0.20298507462686566,0.016759776536312707
b_full_win20,manavgat_2021,mugla_2021,thermal,932,27,0.028969957081545063,0.24599959075097197,0.018329896630700945,0.6327208762893808,0.47368421052631576,0.0,-0.11111111111111112,0.0,-0.25
b_full_win20,manavgat_2021,mugla_2021,baseline,932,27,0.028969957081545063,0.37311233885819517,0.027396677986933494,0.9456927364378525,0.4984545464336101,0.07407407407407407,-0.02880658436213993,0.07407407407407407,-0.1574074074074074
b_full_win20,manavgat_2021,evia_2021_extended,thermal,1142,832,0.7285464098073555,0.6515198511166254,0.8508604851225308,1.1678878293388584,0.5978353140916808,0.12860576923076922,0.7677419354838704,0.25841346153846156,0.7838709677419355
b_full_win20,manavgat_2021,evia_2021_extended,baseline,1142,832,0.7285464098073555,0.7334774348635236,0.8805777666169898,1.2086776556209162,0.6215064646728484,0.13581730769230768,0.9612903225806445,0.2620192307692308,0.8322580645161289
b_full_win20,manavgat_2021,montiferru_2021,thermal,1732,510,0.29445727482678985,0.5721470748692274,0.34102944650504835,1.158162747738713,0.5042774453221723,0.10392156862745099,0.016366612111292964,0.24901960784313726,0.102291325695581
b_full_win20,manavgat_2021,montiferru_2021,baseline,1732,510,0.29445727482678985,0.5799837938448702,0.34616220137263287,1.1755939858380395,0.5021830594586013,0.11960784313725491,0.08183306055646482,0.24901960784313726,0.102291325695581
b_full_win20,bejis_2022,manavgat_2021,thermal,1871,692,0.36985569214323893,0.2788330955497703,0.2665761471220249,0.7207571839094054,0.48354906740589876,0.05491329479768786,-0.26463104325699743,0.11705202312138728,-0.24342663273960985
b_full_win20,bejis_2022,manavgat_2021,baseline,1871,692,0.36985569214323893,0.24624387768609626,0.26031505001034133,0.70382869735455,0.4871442052158592,0.057803468208092484,-0.24766751484308738,0.09971098265895954,-0.2943172179813401
b_full_win20,bejis_2022,mugla_2021,thermal,932,27,0.028969957081545063,0.3551872314303253,0.021246681703846616,0.733403975851298,0.47368421052631576,0.0,-0.11111111111111112,0.0,-0.25
b_full_win20,bejis_2022,mugla_2021,baseline,932,27,0.028969957081545063,0.3818702680581133,0.022578414110378656,0.7793734055878855,0.47368421052631576,0.0,-0.11111111111111112,0.037037037037037035,-0.20370370370370372
b_full_win20,bejis_2022,evia_2021_extended,thermal,1142,832,0.7285464098073555,0.57024658808933,0.7717435381785002,1.0592922122594317,0.5112519589917722,0.10817307692307693,0.21935483870967734,0.21754807692307693,0.23548387096774182
b_full_win20,bejis_2022,evia_2021_extended,baseline,1142,832,0.7285464098073555,0.5755466811414391,0.7783082255998247,1.068302876965144,0.5111091158417135,0.10576923076923077,0.15483870967741914,0.21995192307692307,0.2677419354838707
b_full_win20,bejis_2022,montiferru_2021,thermal,1732,510,0.29445727482678985,0.5542713648470845,0.37613055840377646,1.277368876775178,0.5417196596960776,0.1607843137254902,0.25368248772504093,0.21372549019607842,0.02864157119476264
b_full_win20,bejis_2022,montiferru_2021,baseline,1732,510,0.29445727482678985,0.48986152562498,0.278211588049248,0.9448283735319559,0.49200670879084685,0.054901960784313725,-0.1882160392798691,0.11960784313725491,-0.16775777414075288
b_full_win20,mugla_2021,manavgat_2021,thermal,1871,692,0.36985569214323893,0.370811209656464,0.2937933720203873,0.794345952384602,0.48706292271737456,0.05057803468208093,-0.2900763358778626,0.09971098265895954,-0.2943172179813401
b_full_win20,mugla_2021,manavgat_2021,baseline,1871,692,0.36985569214323893,0.428307030058784,0.32429018166417334,0.8768019218116594,0.49400419004828694,0.08092485549132948,-0.11195928753180663,0.13439306358381503,-0.19253604749787956
b_full_win20,mugla_2021,bejis_2022,thermal,1900,1005,0.5289473684210526,0.5568237027154729,0.5773095126910909,1.0914309195154952,0.5151469936410275,0.11343283582089553,0.1508379888268156,0.208955223880597,0.05027932960893843
b_full_win20,mugla_2021,bejis_2022,baseline,1900,1005,0.5289473684210526,0.48364045693321106,0.5117647833106629,0.9675155107365766,0.49680003393792577,0.0945273631840796,-0.06145251396648049,0.18507462686567164,-0.08379888268156431
b_full_win20,mugla_2021,evia_2021_extended,thermal,1142,832,0.7285464098073555,0.5969137717121589,0.8012422969498613,1.0997820950922375,0.5389227177745853,0.11899038461538461,0.5096774193548383,0.23317307692307693,0.44516129032258045
b_full_win20,mugla_2021,evia_2021_extended,baseline,1142,832,0.7285464098073555,0.6558041253101737,0.8355450618027797,1.1468659381956423,0.5591860389186365,0.12620192307692307,0.7032258064516125,0.24639423076923078,0.6225806451612902
b_full_win20,mugla_2021,montiferru_2021,thermal,1732,510,0.29445727482678985,0.45848336061102013,0.2596752875566144,0.8818776432314825,0.4810990120917003,0.054901960784313725,-0.1882160392798691,0.14901960784313725,-0.10638297872340428
b_full_win20,mugla_2021,montiferru_2021,baseline,1732,510,0.29445727482678985,0.5431934148454799,0.3242008987976849,1.1010116798384122,0.5054766501311525,0.11568627450980393,0.06546644844517185,0.22941176470588234,0.06137479541734857
b_full_win20,evia_2021_extended,manavgat_2021,thermal,1871,692,0.36985569214323893,0.6685885461863929,0.5701111963661807,1.5414422664756127,0.5751808922650801,0.19797687861271676,0.5750636132315521,0.3511560693641618,0.4435962680237488
b_full_win20,evia_2021_extended,manavgat_2021,baseline,1871,692,0.36985569214323893,0.7198639976074561,0.5739285864434359,1.5517635624792898,0.5564297939837017,0.17630057803468208,0.44783715012722636,0.3569364161849711,0.4605597964376589
b_full_win20,evia_2021_extended,bejis_2022,thermal,1900,1005,0.5289473684210526,0.531660135078796,0.5357956073801216,1.0129469194251055,0.4954337398570219,0.09651741293532339,-0.039106145251396676,0.2099502487562189,0.05586592178770938
b_full_win20,evia_2021_extended,bejis_2022,baseline,1900,1005,0.5289473684210526,0.41250840768225916,0.4593752678042866,0.8684706555503926,0.48431614348135826,0.06567164179104477,-0.3854748603351955,0.14129353233830846,-0.32960893854748596
b_full_win20,evia_2021_extended,mugla_2021,thermal,932,27,0.028969957081545063,0.31618579905872723,0.0200580457639911,0.6923740241496187,0.47368421052631576,0.0,-0.11111111111111112,0.0,-0.25
b_full_win20,evia_2021_extended,mugla_2021,baseline,932,27,0.028969957081545063,0.4713321055862493,0.02597621469061825,0.8966604478391189,0.47368421052631576,0.0,-0.11111111111111112,0.037037037037037035,-0.20370370370370372
b_full_win20,evia_2021_extended,montiferru_2021,thermal,1732,510,0.29445727482678985,0.5474728025416385,0.3128931491967034,1.0626096753111574,0.49689642417394214,0.08431372549019608,-0.06546644844517185,0.17647058823529413,-0.04909983633387889
b_full_win20,evia_2021_extended,montiferru_2021,baseline,1732,510,0.29445727482678985,0.4940807419530824,0.31102023534536105,1.0562491129767948,0.5089881244943494,0.11960784313725491,0.08183306055646482,0.22156862745098038,0.045008183306055605
b_full_win20,montiferru_2021,manavgat_2021,thermal,1871,692,0.36985569214323893,0.3564167242740247,0.2854413341766783,0.7717640697175795,0.4798765176926195,0.04046242774566474,-0.34944868532654794,0.1069364161849711,-0.2731128074639525
b_full_win20,montiferru_2021,manavgat_2021,baseline,1871,692,0.36985569214323893,0.34130275976015734,0.2852911800920375,0.7713580895263037,0.484628963457195,0.044797687861271675,-0.3240033927056828,0.11849710982658959,-0.23918575063613234
b_full_win20,montiferru_2021,bejis_2022,thermal,1900,1005,0.5289473684210526,0.6119491925845633,0.6180387319221269,1.168431433484618,0.5253517768405839,0.12935323383084577,0.3296089385474858,0.24378109452736318,0.24581005586592167
b_full_win20,montiferru_2021,bejis_2022,baseline,1900,1005,0.5289473684210526,0.596600239028322,0.6090703328260866,1.1514762511139947,0.5226894050769382,0.12437810945273632,0.2737430167597764,0.21691542288557214,0.09497206703910606
b_full_win20,montiferru_2021,mugla_2021,thermal,932,27,0.028969957081545063,0.33558420298751784,0.021211110334452613,0.7321761048781421,0.47368421052631576,0.0,-0.11111111111111112,0.07407407407407407,-0.1574074074074074
b_full_win20,montiferru_2021,mugla_2021,baseline,932,27,0.028969957081545063,0.31041538776345406,0.019962268121784282,0.6890679218334427,0.47368421052631576,0.0,-0.11111111111111112,0.0,-0.25
b_full_win20,montiferru_2021,evia_2021_extended,thermal,1142,832,0.7285464098073555,0.7546719913151365,0.8984119935137879,1.233156846866281,0.6677060206347134,0.1346153846153846,0.9290322580645156,0.2668269230769231,0.8967741935483867
b_full_win20,montiferru_2021,evia_2021_extended,baseline,1142,832,0.7285464098073555,0.6858522022332507,0.8594999775764344,1.1797463634522694,0.5968558182055635,0.13341346153846154,0.8967741935483867,0.25841346153846156,0.7838709677419355
b_10km_win20,manavgat_2021,bejis_2022,thermal,1900,1005,0.5289473684210526,0.46716584674393397,0.5170982520030688,0.9775986853789361,0.50187902007165,0.10248756218905472,0.027932960893854615,0.19402985074626866,-0.033519553072625725
b_10km_win20,manavgat_2021,bejis_2022,baseline,1900,1005,0.5289473684210526,0.4796920425803941,0.5035422360839121,0.9519703965765504,0.48742029341677384,0.08656716417910448,-0.1508379888268156,0.18208955223880596,-0.10055865921787717
b_10km_win20,manavgat_2021,mugla_2021,thermal,932,27,0.028969957081545063,0.22791078371188866,0.017967068021062214,0.6201965702085179,0.47368421052631576,0.0,-0.11111111111111112,0.0,-0.25
b_10km_win20,manavgat_2021,mugla_2021,baseline,932,27,0.028969957081545063,0.3209740126867199,0.021756948967550857,0.7510176458428667,0.48908489763389446,0.037037037037037035,-0.06995884773662552,0.07407407407407407,-0.1574074074074074
b_10km_win20,manavgat_2021,evia_2021_extended,thermal,1142,832,0.7285464098073555,0.7991586538461537,0.920152101910372,1.2629972360356307,0.69082620477994,0.13701923076923078,0.9935483870967742,0.2668269230769231,0.8967741935483867
b_10km_win20,manavgat_2021,evia_2021_extended,baseline,1142,832,0.7285464098073555,0.7724236197270471,0.902102507955164,1.2382224327942275,0.6440144638892517,0.13581730769230768,0.9612903225806445,0.26802884615384615,0.9129032258064512
b_10km_win20,manavgat_2021,montiferru_2021,thermal,1732,510,0.29445727482678985,0.6079410160136068,0.3528308881107561,1.1982413690349598,0.5059005943664399,0.10588235294117647,0.024549918166939414,0.23333333333333334,0.06955810147299508
b_10km_win20,manavgat_2021,montiferru_2021,baseline,1732,510,0.29445727482678985,0.5959893777478258,0.34651001333318393,1.1767751825354402,0.4982679091104096,0.10392156862745099,0.016366612111292964,0.25098039215686274,0.10638297872340423
b_10km_win20,bejis_2022,manavgat_2021,thermal,1871,692,0.36985569214323893,0.4247378252364354,0.3324801846185332,0.8989457014758317,0.4920063178434695,0.0838150289017341,-0.09499575911789655,0.17485549132947978,-0.0737913486005089
b_10km_win20,bejis_2022,manavgat_2021,baseline,1871,692,0.36985569214323893,0.2756003422122206,0.27159111558009474,0.734316441113233,0.48660554738859974,0.06936416184971098,-0.17981340118744704,0.12572254335260116,-0.21798134011874468
b_10km_win20,bejis_2022,mugla_2021,thermal,932,27,0.028969957081545063,0.2121546961325967,0.017722848308974384,0.6117664675542269,0.47368421052631576,0.0,-0.11111111111111112,0.0,-0.25
b_10km_win20,bejis_2022,mugla_2021,baseline,932,27,0.028969957081545063,0.31710660937180274,0.020062065570260763,0.6925127819067789,0.47368421052631576,0.0,-0.11111111111111112,0.0,-0.25
b_10km_win20,bejis_2022,evia_2021_extended,thermal,1142,832,0.7285464098073555,0.6117633374689826,0.8174014848474541,1.1219621342497508,0.5528805341517565,0.125,0.6709677419354836,0.2403846153846154,0.5419354838709676
b_10km_win20,bejis_2022,evia_2021_extended,baseline,1142,832,0.7285464098073555,0.5877985421836228,0.7911734469734633,1.0859616303409796,0.5214958534674154,0.1141826923076923,0.3806451612903223,0.22956730769230768,0.3967741935483867
b_10km_win20,bejis_2022,montiferru_2021,thermal,1732,510,0.29445727482678985,0.6130740348512563,0.3946863255077565,1.340385717214577,0.5225053584186711,0.12352941176470589,0.09819967266775778,0.22941176470588234,0.06137479541734857
b_10km_win20,bejis_2022,montiferru_2021,baseline,1732,510,0.29445727482678985,0.5439162735470621,0.3495068511667162,1.1869526788642204,0.5211693429202158,0.1392156862745098,0.16366612111292964,0.21176470588235294,0.024549918166939414
b_10km_win20,mugla_2021,manavgat_2021,thermal,1871,692,0.36985569214323893,0.3305694058352577,0.2839634760739898,0.7677683001942701,0.4868635870663288,0.05491329479768786,-0.26463104325699743,0.11271676300578035,-0.2561492790500424
b_10km_win20,mugla_2021,manavgat_2021,baseline,1871,692,0.36985569214323893,0.4564978648506866,0.3621389149993967,0.9791357080402763,0.5046373600683083,0.09971098265895954,-0.0016963528413910082,0.19219653179190752,-0.022900763358778654
b_10km_win20,mugla_2021,bejis_2022,thermal,1900,1005,0.5289473684210526,0.5398727035214986,0.563751140316354,1.0657981757224604,0.5136753749628804,0.11741293532338308,0.1955307262569831,0.21592039800995025,0.08938547486033512
b_10km_win20,mugla_2021,bejis_2022,baseline,1900,1005,0.5289473684210526,0.49773645737791494,0.5186481994586096,0.980528934299859,0.49591940327764295,0.08955223880597014,-0.11731843575419004,0.1771144278606965,-0.12849162011173193
b_10km_win20,mugla_2021,evia_2021_extended,thermal,1142,832,0.7285464098073555,0.5598984181141439,0.8035617731720395,1.102965799233737,0.5847345566148622,0.13701923076923078,0.9935483870967742,0.2439903846153846,0.590322580645161
b_10km_win20,mugla_2021,evia_2021_extended,baseline,1142,832,0.7285464098073555,0.6318858560794045,0.830548870521731,1.140008185259395,0.5675117539506334,0.12980769230769232,0.8,0.24278846153846154,0.5741935483870965
b_10km_win20,mugla_2021,montiferru_2021,thermal,1732,510,0.29445727482678985,0.4845287378453837,0.26442096045722246,0.8979943206115868,0.47946235088057104,0.0392156862745098,-0.25368248772504093,0.11764705882352941,-0.17184942716857615
b_10km_win20,mugla_2021,montiferru_2021,baseline,1732,510,0.29445727482678985,0.5234026507493341,0.3092977227555935,1.0503993251229173,0.5024076992326778,0.11372549019607843,0.057283142389525345,0.2196078431372549,0.04091653027823238
b_10km_win20,evia_2021_extended,manavgat_2021,thermal,1871,692,0.36985569214323893,0.5909019596307246,0.5431116856688786,1.4684421443446123,0.5800081695361969,0.2023121387283237,0.6005089058524172,0.32803468208092484,0.3757421543681085
b_10km_win20,evia_2021_extended,manavgat_2021,baseline,1871,692,0.36985569214323893,0.7081972819132506,0.5798448021587223,1.5677595734667187,0.5619453920951609,0.1791907514450867,0.46480067854113644,0.36560693641618497,0.4860050890585241
b_10km_win20,evia_2021_extended,bejis_2022,thermal,1900,1005,0.5289473684210526,0.5328997470746825,0.5312749877269972,1.004400474309746,0.4931429298669838,0.09751243781094528,-0.02793296089385477,0.19502487562189055,-0.02793296089385477
b_10km_win20,evia_2021_extended,bejis_2022,baseline,1900,1005,0.5289473684210526,0.41822396397898776,0.4746771172027687,0.8973995250599607,0.488391620258016,0.07960199004975124,-0.22905027932960897,0.17213930348258707,-0.15642458100558657
b_10km_win20,evia_2021_extended,mugla_2021,thermal,932,27,0.028969957081545063,0.22369551872314303,0.018174428312576787,0.6273543402711691,0.47368421052631576,0.0,-0.11111111111111112,0.0,-0.25
b_10km_win20,evia_2021_extended,mugla_2021,baseline,932,27,0.028969957081545063,0.3823204419889502,0.02211240162372555,0.7632873449374894,0.47368421052631576,0.0,-0.11111111111111112,0.037037037037037035,-0.20370370370370372
b_10km_win20,evia_2021_extended,montiferru_2021,thermal,1732,510,0.29445727482678985,0.6275376271621578,0.3633782823664267,1.2340611471738256,0.5015969692209729,0.10588235294117647,0.024549918166939414,0.23137254901960785,0.06546644844517185
b_10km_win20,evia_2021_extended,montiferru_2021,baseline,1732,510,0.29445727482678985,0.5423686659606559,0.32651325797240566,1.1088646329572678,0.501776005431891,0.10980392156862745,0.04091653027823238,0.2372549019607843,0.07774140752864153
b_10km_win20,montiferru_2021,manavgat_2021,thermal,1871,692,0.36985569214323893,0.3689285521677526,0.294690915415105,0.7967726918232102,0.48261044807815917,0.06213872832369942,-0.22222222222222224,0.1315028901734104,-0.2010178117048346
b_10km_win20,montiferru_2021,manavgat_2021,baseline,1871,692,0.36985569214323893,0.3422949545759853,0.2872596353033117,0.7766803145267286,0.4847509194598817,0.05346820809248555,-0.2731128074639525,0.1416184971098266,-0.17133163698049192
b_10km_win20,montiferru_2021,bejis_2022,thermal,1900,1005,0.5289473684210526,0.6099635898718696,0.6189369682714272,1.170129591756927,0.5270223419801902,0.13134328358208955,0.3519553072625696,0.2407960199004975,0.2290502793296088
b_10km_win20,montiferru_2021,bejis_2022,baseline,1900,1005,0.5289473684210526,0.599664248589455,0.6129984943850645,1.1589026262006195,0.5244887002798416,0.1253731343283582,0.2849162011173182,0.22786069651741295,0.15642458100558657
b_10km_win20,montiferru_2021,mugla_2021,thermal,932,27,0.028969957081545063,0.3387354205033763,0.020800079265656874,0.7179879213182299,0.47368421052631576,0.0,-0.11111111111111112,0.07407407407407407,-0.1574074074074074
b_10km_win20,montiferru_2021,mugla_2021,baseline,932,27,0.028969957081545063,0.306036423163495,0.01981850410054753,0.6841054008040851,0.47368421052631576,0.0,-0.11111111111111112,0.0,-0.25
b_10km_win20,montiferru_2021,evia_2021_extended,thermal,1142,832,0.7285464098073555,0.7661600496277916,0.900977348095485,1.2366780426983701,0.6642573788690087,0.13341346153846154,0.8967741935483867,0.265625,0.8806451612903223
b_10km_win20,montiferru_2021,evia_2021_extended,baseline,1142,832,0.7285464098073555,0.686296138337469,0.8613757548675499,1.1823210481475264,0.6028552305080319,0.13221153846153846,0.8645161290322578,0.2608173076923077,0.8161290322580644
b_win15_win15,manavgat_2021,bejis_2022,thermal,1092,825,0.7554945054945055,0.49013278855975484,0.7212308784657888,0.9546474173147168,0.48092874337699887,0.08606060606060606,-0.4307116104868915,0.1806060606060606,-0.29962546816479413
b_win15_win15,manavgat_2021,bejis_2022,baseline,1092,825,0.7554945054945055,0.4643899670865963,0.7028932700393918,0.9303750919794133,0.481980060809156,0.07757575757575758,-0.6928838951310862,0.16484848484848486,-0.543071161048689
b_win15_win15,manavgat_2021,evia_2021_extended,thermal,613,462,0.7536704730831973,0.4520225910954388,0.7391887416199076,0.9807850619329077,0.4913155857735851,0.10173160173160173,0.05298013245033083,0.20562770562770563,0.08609271523178791
b_win15_win15,manavgat_2021,evia_2021_extended,baseline,613,462,0.7536704730831973,0.5322166795676729,0.7728450238368706,1.0254415576017353,0.5061102485292098,0.10606060606060606,0.18543046357615875,0.20562770562770563,0.08609271523178791
b_win15_win15,manavgat_2021,montiferru_2021,thermal,1010,381,0.37722772277227723,0.5419175544233441,0.39618210831312795,1.0502465338484495,0.4889345843735059,0.08661417322834646,-0.08108108108108111,0.23622047244094488,0.10969793322734495
b_win15_win15,manavgat_2021,montiferru_2021,baseline,1010,381,0.37722772277227723,0.5254831023705503,0.3896128892078038,1.0328320685036267,0.4886644524634822,0.07874015748031496,-0.12877583465818765,0.23097112860892388,0.0937996820349761
b_win15_win15,bejis_2022,manavgat_2021,thermal,1054,511,0.484819734345351,0.5585119993657041,0.5191427119232555,1.0707953392702765,0.49778707724431037,0.09784735812133072,-0.020257826887661246,0.20939334637964774,0.0441988950276242
b_win15_win15,bejis_2022,manavgat_2021,baseline,1054,511,0.484819734345351,0.29859662021169625,0.39160725544012287,0.8077378615144609,0.49518653972401677,0.09001956947162426,-0.09392265193370175,0.14090019569471623,-0.278084714548803
b_win15_win15,bejis_2022,evia_2021_extended,thermal,613,462,0.7536704730831973,0.49578567128235995,0.7699541877124364,1.0216058810989688,0.5249487354750513,0.11904761904761904,0.5827814569536417,0.20346320346320346,0.05298013245033083
b_win15_win15,bejis_2022,evia_2021_extended,baseline,613,462,0.7536704730831973,0.5532094836730599,0.7837127876458313,1.0398613394521528,0.5122514292956956,0.11255411255411256,0.3841059602649004,0.21861471861471862,0.2847682119205296
b_win15_win15,bejis_2022,montiferru_2021,thermal,1010,381,0.37722772277227723,0.5510413145892535,0.4263619766034252,1.1302509091061927,0.516953632406693,0.13648293963254593,0.2209856915739268,0.2335958005249344,0.10174880763116056
b_win15_win15,bejis_2022,montiferru_2021,baseline,1010,381,0.37722772277227723,0.5023826512941845,0.43881696031267803,1.1632680575217973,0.5398862942316296,0.15485564304461943,0.3322734499205088,0.2388451443569554,0.11764705882352941
b_win15_win15,evia_2021_extended,manavgat_2021,thermal,1054,511,0.484819734345351,0.4806521715626385,0.46722995587548766,0.9637189305142153,0.48300138069384463,0.07436399217221135,-0.2412523020257828,0.2191780821917808,0.09023941068139953
b_win15_win15,evia_2021_extended,manavgat_2021,baseline,1054,511,0.484819734345351,0.5981717140046059,0.5276379017373478,1.088317707301692,0.4885693951824995,0.1095890410958904,0.09023941068139953,0.22113502935420742,0.09944751381215458
b_win15_win15,evia_2021_extended,bejis_2022,thermal,1092,825,0.7554945054945055,0.4155078878674385,0.72444053742578,0.9588958386290324,0.49459348063724173,0.0993939393939394,-0.01872659176029974,0.19393939393939394,-0.09363295880149827
b_win15_win15,evia_2021_extended,bejis_2022,baseline,1092,825,0.7554945054945055,0.5130382476449892,0.762542658916125,1.0093291921653438,0.5016683690840994,0.1006060606060606,0.018726591760299314,0.2,0.0
b_win15_win15,evia_2021_extended,montiferru_2021,thermal,1010,381,0.37722772277227723,0.4481575136971153,0.34285685914326325,0.9088856370989393,0.4928397631159631,0.07874015748031496,-0.12877583465818765,0.1732283464566929,-0.08108108108108111
b_win15_win15,evia_2021_extended,montiferru_2021,baseline,1010,381,0.37722772277227723,0.5098769450321095,0.3857261086694282,1.0225285295436286,0.4988218515192504,0.10236220472440945,0.014308426073131913,0.2073490813648294,0.022257551669316374
b_win15_win15,montiferru_2021,manavgat_2021,thermal,1054,511,0.484819734345351,0.336414714224447,0.38426335452311844,0.7925901676465105,0.48108559448268745,0.04892367906066536,-0.48066298342541447,0.1095890410958904,-0.42541436464088406
b_win15_win15,montiferru_2021,manavgat_2021,baseline,1054,511,0.484819734345351,0.3054171036461205,0.39284713082341227,0.8102952561406586,0.49145360183930653,0.07240704500978473,-0.25966850828729293,0.162426614481409,-0.17679558011049734
b_win15_win15,montiferru_2021,bejis_2022,thermal,1092,825,0.7554945054945055,0.6785745091363069,0.8318405521118408,1.101054403522582,0.5179900722183395,0.11515151515151516,0.4681647940074905,0.22424242424242424,0.37453183520599226
b_win15_win15,montiferru_2021,bejis_2022,baseline,1092,825,0.7554945054945055,0.7077062762456019,0.851770753669493,1.1274347430388925,0.5222909162589825,0.11272727272727273,0.393258426966292,0.22545454545454546,0.393258426966292
b_win15_win15,montiferru_2021,evia_2021_extended,thermal,613,462,0.7536704730831973,0.6965970012327629,0.8866056110972167,1.1763836355034498,0.6341319886109011,0.12987012987012986,0.9139072847682108,0.2597402597402597,0.9139072847682108
b_win15_win15,montiferru_2021,evia_2021_extended,baseline,613,462,0.7536704730831973,0.6154425045153522,0.792865825848545,1.0520059550760998,0.4908704633347366,0.09523809523809523,-0.14569536423841084,0.2077922077922078,0.119205298013245
