collar,region,feature,auc,n,pos
full,manavgat_2021,elevation_mean,0.232040982011245,20511,2935
full,manavgat_2021,slope_mean,0.40018140735508156,20511,2935
full,manavgat_2021,ndvi_mean,0.5640055957519895,20511,2935
full,manavgat_2021,current_lst_mean,0.6646991429203886,20451,2935
full,manavgat_2021,lst_anomaly_mean,0.5087692084924866,20158,2901
full,manavgat_2021,current_tvdi_mean,0.6770834881362302,20451,2935
full,manavgat_2021,tvdi_difference_mean,0.4603939869501002,20450,2935
full,manavgat_2021,downscaled_lst_mean,0.6831504494668662,20511,2935
full,manavgat_2021,fused_lst_mean,0.6662317904467838,20511,2935
full,bejis_2022,elevation_mean,0.6432824053164721,15190,1100
full,bejis_2022,slope_mean,0.5207878895412608,15190,1100
full,bejis_2022,ndvi_mean,0.5587527905026131,15190,1100
full,bejis_2022,current_lst_mean,0.47674775069349284,14658,1016
full,bejis_2022,lst_anomaly_mean,0.4179915266529903,14210,1005
full,bejis_2022,current_tvdi_mean,0.5172782323463783,14658,1016
full,bejis_2022,tvdi_difference_mean,0.5124941631737097,14658,1016
full,bejis_2022,downscaled_lst_mean,0.4836430737466933,15190,1100
full,bejis_2022,fused_lst_mean,0.4806129105103555,15190,1100
full,mugla_2021,elevation_mean,0.6114025048859928,41730,2911
full,mugla_2021,slope_mean,0.6368180084143384,41730,2911
full,mugla_2021,ndvi_mean,0.6616527794184797,41730,2911
full,mugla_2021,current_lst_mean,0.324818209196232,41475,2911
full,mugla_2021,lst_anomaly_mean,0.4845735569026068,40389,2853
full,mugla_2021,current_tvdi_mean,0.3357699119089857,41475,2911
full,mugla_2021,tvdi_difference_mean,0.49002459954410754,41475,2911
full,mugla_2021,downscaled_lst_mean,0.30697725296436723,41730,2911
full,mugla_2021,fused_lst_mean,0.32521434622074175,41730,2911
full,evia_2021_extended,elevation_mean,0.540559580910425,9298,2664
full,evia_2021_extended,slope_mean,0.486543098344048,9298,2664
full,evia_2021_extended,ndvi_mean,0.6391494562092995,9298,2664
full,evia_2021_extended,current_lst_mean,0.37651907667348405,9275,2649
full,evia_2021_extended,lst_anomaly_mean,0.6400549435604515,9015,2565
full,evia_2021_extended,current_tvdi_mean,0.36188826587369816,9275,2649
full,evia_2021_extended,tvdi_difference_mean,0.5191031776643451,9273,2649
full,evia_2021_extended,downscaled_lst_mean,0.3765491129362415,9152,2657
full,evia_2021_extended,fused_lst_mean,0.37566126384147186,9298,2664
full,montiferru_2021,elevation_mean,0.5837706290859124,2544,539
full,montiferru_2021,slope_mean,0.6519721105399766,2544,539
full,montiferru_2021,ndvi_mean,0.5862731853113042,2544,539
full,montiferru_2021,current_lst_mean,0.3704643770906685,2544,539
full,montiferru_2021,lst_anomaly_mean,0.39519013227598904,2544,539
full,montiferru_2021,current_tvdi_mean,0.3555286181577596,2544,539
full,montiferru_2021,tvdi_difference_mean,0.37762180818824925,2544,539
full,montiferru_2021,downscaled_lst_mean,0.364736376795746,2541,539
full,montiferru_2021,fused_lst_mean,0.37047270506479624,2544,539
<=10km,manavgat_2021,elevation_mean,0.3763365990331311,8507,2935
<=10km,manavgat_2021,slope_mean,0.43829444741350954,8507,2935
<=10km,manavgat_2021,ndvi_mean,0.5511228263488286,8507,2935
<=10km,manavgat_2021,current_lst_mean,0.5218497268528087,8507,2935
<=10km,manavgat_2021,lst_anomaly_mean,0.4865378448153565,8356,2901
<=10km,manavgat_2021,current_tvdi_mean,0.5266236573473354,8507,2935
<=10km,manavgat_2021,tvdi_difference_mean,0.4375131314885452,8507,2935
<=10km,manavgat_2021,downscaled_lst_mean,0.533393146066179,8507,2935
<=10km,manavgat_2021,fused_lst_mean,0.5218673985649835,8507,2935
<=10km,bejis_2022,elevation_mean,0.6143085374967179,5601,1100
<=10km,bejis_2022,slope_mean,0.6034912443699381,5601,1100
<=10km,bejis_2022,ndvi_mean,0.6177739290258731,5601,1100
<=10km,bejis_2022,current_lst_mean,0.40460495808405017,5346,1016
<=10km,bejis_2022,lst_anomaly_mean,0.39230323136558826,5243,1005
<=10km,bejis_2022,current_tvdi_mean,0.4535246676728919,5346,1016
<=10km,bejis_2022,tvdi_difference_mean,0.4509231055990981,5346,1016
<=10km,bejis_2022,downscaled_lst_mean,0.39467279998384197,5601,1100
<=10km,bejis_2022,fused_lst_mean,0.40232433196663364,5601,1100
<=10km,mugla_2021,elevation_mean,0.6055696330476426,18674,2911
<=10km,mugla_2021,slope_mean,0.6350429094061244,18674,2911
<=10km,mugla_2021,ndvi_mean,0.6521441147756903,18674,2911
<=10km,mugla_2021,current_lst_mean,0.331812261454304,18476,2911
<=10km,mugla_2021,lst_anomaly_mean,0.5068925274629883,18019,2853
<=10km,mugla_2021,current_tvdi_mean,0.3419889972823709,18476,2911
<=10km,mugla_2021,tvdi_difference_mean,0.509446583365179,18476,2911
<=10km,mugla_2021,downscaled_lst_mean,0.3141817064268252,18674,2911
<=10km,mugla_2021,fused_lst_mean,0.3323259293398547,18674,2911
<=10km,evia_2021_extended,elevation_mean,0.647769410765906,5232,2664
<=10km,evia_2021_extended,slope_mean,0.6031460052342063,5232,2664
<=10km,evia_2021_extended,ndvi_mean,0.663382936090296,5232,2664
<=10km,evia_2021_extended,current_lst_mean,0.2856660359279603,5213,2649
<=10km,evia_2021_extended,lst_anomaly_mean,0.5837584538337627,5053,2565
<=10km,evia_2021_extended,current_tvdi_mean,0.25032052244717196,5213,2649
<=10km,evia_2021_extended,tvdi_difference_mean,0.48859841143362615,5213,2649
<=10km,evia_2021_extended,downscaled_lst_mean,0.2852294553626902,5134,2657
<=10km,evia_2021_extended,fused_lst_mean,0.284711112982141,5232,2664
<=10km,montiferru_2021,elevation_mean,0.5811567066601115,2490,539
<=10km,montiferru_2021,slope_mean,0.6505640511644759,2490,539
<=10km,montiferru_2021,ndvi_mean,0.5817467660844683,2490,539
<=10km,montiferru_2021,current_lst_mean,0.3763437997164291,2490,539
<=10km,montiferru_2021,lst_anomaly_mean,0.4001135424581277,2490,539
<=10km,montiferru_2021,current_tvdi_mean,0.36108879039244424,2490,539
<=10km,montiferru_2021,tvdi_difference_mean,0.38424897940164837,2490,539
<=10km,montiferru_2021,downscaled_lst_mean,0.3709528029692217,2488,539
<=10km,montiferru_2021,fused_lst_mean,0.3763523581931724,2490,539
<=5km,manavgat_2021,elevation_mean,0.4275298126064736,5770,2935
<=5km,manavgat_2021,slope_mean,0.4680402849511311,5770,2935
<=5km,manavgat_2021,ndvi_mean,0.5879201632069321,5770,2935
<=5km,manavgat_2021,current_lst_mean,0.5213387054613631,5770,2935
<=5km,manavgat_2021,lst_anomaly_mean,0.5256466892181226,5675,2901
<=5km,manavgat_2021,current_tvdi_mean,0.5338837060472496,5770,2935
<=5km,manavgat_2021,tvdi_difference_mean,0.4785833566185639,5770,2935
<=5km,manavgat_2021,downscaled_lst_mean,0.5308173266151688,5770,2935
<=5km,manavgat_2021,fused_lst_mean,0.5213338981879584,5770,2935
<=5km,bejis_2022,elevation_mean,0.5969945328753206,2979,1100
<=5km,bejis_2022,slope_mean,0.5800517683487348,2979,1100
<=5km,bejis_2022,ndvi_mean,0.6205938845614205,2979,1100
<=5km,bejis_2022,current_lst_mean,0.4072619850350198,2826,1016
<=5km,bejis_2022,lst_anomaly_mean,0.4248727724493227,2751,1005
<=5km,bejis_2022,current_tvdi_mean,0.4671004263279245,2826,1016
<=5km,bejis_2022,tvdi_difference_mean,0.4672885761517379,2826,1016
<=5km,bejis_2022,downscaled_lst_mean,0.3889310077894431,2979,1100
<=5km,bejis_2022,fused_lst_mean,0.4004448691276791,2979,1100
<=5km,mugla_2021,elevation_mean,0.5953591869143005,9672,2911
<=5km,mugla_2021,slope_mean,0.6450550881597026,9672,2911
<=5km,mugla_2021,ndvi_mean,0.6515704956250031,9672,2911
<=5km,mugla_2021,current_lst_mean,0.3363005927075115,9572,2911
<=5km,mugla_2021,lst_anomaly_mean,0.5038384854617781,9400,2853
<=5km,mugla_2021,current_tvdi_mean,0.3487652326531829,9572,2911
<=5km,mugla_2021,tvdi_difference_mean,0.5037058208511931,9572,2911
<=5km,mugla_2021,downscaled_lst_mean,0.32176214635731604,9672,2911
<=5km,mugla_2021,fused_lst_mean,0.3391161322863752,9672,2911
<=5km,evia_2021_extended,elevation_mean,0.6744883569701088,3897,2664
<=5km,evia_2021_extended,slope_mean,0.6152005107297077,3897,2664
<=5km,evia_2021_extended,ndvi_mean,0.6552356797186482,3897,2664
<=5km,evia_2021_extended,current_lst_mean,0.3097240127152393,3878,2649
<=5km,evia_2021_extended,lst_anomaly_mean,0.5832562310015421,3752,2565
<=5km,evia_2021_extended,current_tvdi_mean,0.2782992860655463,3878,2649
<=5km,evia_2021_extended,tvdi_difference_mean,0.5192118492908113,3878,2649
<=5km,evia_2021_extended,downscaled_lst_mean,0.30512628480261145,3845,2657
<=5km,evia_2021_extended,fused_lst_mean,0.30779715238352706,3897,2664
<=5km,montiferru_2021,elevation_mean,0.5277979587248225,1752,539
<=5km,montiferru_2021,slope_mean,0.5989060992005286,1752,539
<=5km,montiferru_2021,ndvi_mean,0.5338211429366769,1752,539
<=5km,montiferru_2021,current_lst_mean,0.44393376026870307,1752,539
<=5km,montiferru_2021,lst_anomaly_mean,0.38665538912859604,1752,539
<=5km,montiferru_2021,current_tvdi_mean,0.4330911109853519,1752,539
<=5km,montiferru_2021,tvdi_difference_mean,0.39201018037433066,1752,539
<=5km,montiferru_2021,downscaled_lst_mean,0.44218350954224495,1750,539
<=5km,montiferru_2021,fused_lst_mean,0.4439459962955428,1752,539
