experiment_id,feature,n_total_population,n_complete_case,n_missing,n_burned_complete,n_unburned_complete,missing_rate_burned,missing_rate_unburned,burned_mean,unburned_mean,burned_median,unburned_median,raw_univariate_auc,signed_rank_effect,direction,auc_ci_low,auc_ci_high,valid_replicates,invalid_replicates,bootstrap_stable,support_status
montiferru_2021,ndvi_mean,2544,2544,0,539,2005,0.0,0.0,0.615424055281287,0.5793323073155268,0.6181037425994873,0.5644292831420898,0.5862731853113042,0.17254637062260847,higher_values_rank_burned,0.45014383161602317,0.7043832813462082,1000,0,True,interval_includes_chance
montiferru_2021,elevation_mean,2544,2544,0,539,2005,0.0,0.0,456.7148911116959,383.03722760718955,424.2523193359375,356.18487548828125,0.5837706290859124,0.16754125817182475,higher_values_rank_burned,0.3953155499799928,0.7623088314675833,1000,0,True,interval_includes_chance
montiferru_2021,slope_mean,2544,2544,0,539,2005,0.0,0.0,10.623458071409662,7.67614257347554,9.148451805114746,5.886207580566406,0.6519721105399766,0.3039442210799532,higher_values_rank_burned,0.5059965620455151,0.7705472817222545,1000,0,True,bootstrap_supported_higher_values_rank_burned
montiferru_2021,lst_anomaly_mean,2544,2544,0,539,2005,0.0,0.0,-0.6760594965045553,-0.49652533072776783,-0.6554248332977295,-0.4291751980781555,0.39519013227598904,-0.20961973544802193,lower_values_rank_burned,0.285145350453144,0.5345227829044743,1000,0,True,interval_includes_chance
montiferru_2021,current_lst_mean,2544,2544,0,539,2005,0.0,0.0,34.00808304625672,36.095905198361216,34.42359161376953,37.1414680480957,0.3704643770906685,-0.25907124581866303,lower_values_rank_burned,0.24782684782865552,0.5129602234841384,1000,0,True,interval_includes_chance
montiferru_2021,current_tvdi_mean,2544,2544,0,539,2005,0.0,0.0,0.5510074642730608,0.6413237145045154,0.5883014798164368,0.7063643932342529,0.3555286181577596,-0.2889427636844808,lower_values_rank_burned,0.2331671304845549,0.4990539748344443,1000,0,True,bootstrap_supported_lower_values_rank_burned
montiferru_2021,tvdi_difference_mean,2544,2544,0,539,2005,0.0,0.0,-0.16400922031475187,-0.11929731464431671,-0.15143467485904694,-0.11281142383813858,0.37762180818824925,-0.2447563836235015,lower_values_rank_burned,0.2821229847499818,0.49651149112782955,1000,0,True,bootstrap_supported_lower_values_rank_burned
montiferru_2021,downscaled_lst_mean,2544,2541,3,539,2002,0.0,0.0014962593516209476,34.06553235522891,36.192415552777604,34.57616424560547,37.302555084228516,0.364736376795746,-0.270527246408508,lower_values_rank_burned,0.24025899649425494,0.5110558445055425,1000,0,True,interval_includes_chance
montiferru_2021,fused_lst_mean,2544,2544,0,539,2005,0.0,0.0,34.008139056487074,36.09891919352467,34.42359161376953,37.1414680480957,0.37047270506479624,-0.2590545898704075,lower_values_rank_burned,0.247836825343333,0.5130079558295708,1000,0,True,interval_includes_chance
manavgat_2021,ndvi_mean,20511,20511,0,784,19727,0.0,0.0,0.5570673462079496,0.5030999721129933,0.5660929977893829,0.513075053691864,0.6359169371099176,0.2718338742198352,higher_values_rank_burned,0.5872285206570871,0.6762849193685545,1000,0,True,bootstrap_supported_higher_values_rank_burned
manavgat_2021,elevation_mean,20511,20511,0,784,19727,0.0,0.0,604.6514049744119,870.5178353037535,512.3355865478516,904.38232421875,0.37410755666893913,-0.25178488666212173,lower_values_rank_burned,0.2890796631009303,0.4711534398242251,1000,0,True,bootstrap_supported_lower_values_rank_burned
manavgat_2021,slope_mean,20511,20511,0,784,19727,0.0,0.0,19.636464101015306,18.428807948710933,18.84978675842285,18.628395080566406,0.5309574867864721,0.06191497357294429,higher_values_rank_burned,0.4228454993639831,0.641707826568334,1000,0,True,interval_includes_chance
manavgat_2021,lst_anomaly_mean,20511,20158,353,776,19382,0.01020408163265306,0.01748872104222639,-0.3849827429685038,-0.26322674090219855,-0.4187082052230835,-0.3814146965742111,0.4823529005017941,-0.03529419899641184,lower_values_rank_burned,0.4279530417105843,0.5299474237983043,1000,0,True,interval_includes_chance
manavgat_2021,current_lst_mean,20511,20451,60,784,19667,0.0,0.003041516702995894,36.03824684327962,35.61927113683585,35.76262855529785,35.234981536865234,0.5382779853437281,0.07655597068745612,higher_values_rank_burned,0.45176227230170396,0.620503038933485,1000,0,True,interval_includes_chance
manavgat_2021,current_tvdi_mean,20511,20451,60,784,19667,0.0,0.003041516702995894,0.533365585821044,0.4945282880047642,0.5406115055084229,0.4853242039680481,0.5520208992479892,0.1040417984959785,higher_values_rank_burned,0.4602480293883392,0.6410618349429631,1000,0,True,interval_includes_chance
manavgat_2021,tvdi_difference_mean,20511,20450,61,784,19666,0.0,0.0030922086480458257,-0.053188905720767995,-0.03405372947854853,-0.05410247854888439,-0.03961566649377346,0.44939202798988004,-0.10121594402023992,lower_values_rank_burned,0.3905414223569665,0.5051782545937413,1000,0,True,interval_includes_chance
manavgat_2021,downscaled_lst_mean,20511,20511,0,784,19727,0.0,0.0,36.11702558945636,35.605589255236595,35.99583053588867,35.20040512084961,0.5520694210669516,0.10413884213390312,higher_values_rank_burned,0.4659633972389294,0.637150621852662,1000,0,True,interval_includes_chance
manavgat_2021,fused_lst_mean,20511,20511,0,784,19727,0.0,0.0,36.03827249273962,35.60678663653586,35.76262855529785,35.207313537597656,0.5400826188182982,0.08016523763659644,higher_values_rank_burned,0.4542805043929701,0.6218679874478806,1000,0,True,interval_includes_chance
