transfer_direction,population,model,bin_index,requested_n_bins,actual_n_bins,predicted_probability_mean,observed_burned_fraction,row_count,positive_count
evia_2021_to_manavgat_2021,all_valid,baseline,0,10,10,0.022596223771550468,0.0029057700290577005,2409,7
evia_2021_to_manavgat_2021,all_valid,baseline,1,10,10,0.15788413403921145,0.038605230386052306,2409,93
evia_2021_to_manavgat_2021,all_valid,baseline,2,10,10,0.266578376869964,0.05232558139534884,2408,126
evia_2021_to_manavgat_2021,all_valid,baseline,3,10,10,0.3141521271733616,0.0493980904939809,2409,119
evia_2021_to_manavgat_2021,all_valid,baseline,4,10,10,0.3566153252227715,0.06434205064342051,2409,155
evia_2021_to_manavgat_2021,all_valid,baseline,5,10,10,0.4307026859910422,0.09634551495016612,2408,232
evia_2021_to_manavgat_2021,all_valid,baseline,6,10,10,0.5652367569779377,0.17725197177251972,2409,427
evia_2021_to_manavgat_2021,all_valid,baseline,7,10,10,0.724636638303646,0.2196843853820598,2408,529
evia_2021_to_manavgat_2021,all_valid,baseline,8,10,10,0.8744840227285228,0.2590286425902864,2409,624
evia_2021_to_manavgat_2021,all_valid,baseline,9,10,10,0.9663556861174308,0.3046907430469074,2409,734
evia_2021_to_manavgat_2021,all_valid,thermal,0,10,10,0.1778355344154448,0.0639269406392694,2409,154
evia_2021_to_manavgat_2021,all_valid,thermal,1,10,10,0.27828651143480204,0.1,2410,241
evia_2021_to_manavgat_2021,all_valid,thermal,2,10,10,0.3372365523184069,0.08807644370585792,2407,212
evia_2021_to_manavgat_2021,all_valid,thermal,3,10,10,0.38559252770883684,0.07264425072644251,2409,175
evia_2021_to_manavgat_2021,all_valid,thermal,4,10,10,0.4253747059568121,0.06973848069738481,2409,168
evia_2021_to_manavgat_2021,all_valid,thermal,5,10,10,0.4764164699838574,0.09136212624584718,2408,220
evia_2021_to_manavgat_2021,all_valid,thermal,6,10,10,0.5379774342037175,0.08385222083852222,2409,202
evia_2021_to_manavgat_2021,all_valid,thermal,7,10,10,0.6179720918890607,0.12375415282392027,2408,298
evia_2021_to_manavgat_2021,all_valid,thermal,8,10,10,0.7485060327925905,0.22748028227480283,2409,548
evia_2021_to_manavgat_2021,all_valid,thermal,9,10,10,0.9061216115409084,0.3437110834371108,2409,828
evia_2021_to_manavgat_2021,burnable_tree_shrub,baseline,0,10,10,0.1377999729575905,0.0694980694980695,1554,108
evia_2021_to_manavgat_2021,burnable_tree_shrub,baseline,1,10,10,0.2174201216692828,0.08494208494208494,1554,132
evia_2021_to_manavgat_2021,burnable_tree_shrub,baseline,2,10,10,0.265259148888111,0.05662805662805663,1554,88
evia_2021_to_manavgat_2021,burnable_tree_shrub,baseline,3,10,10,0.2912558395001987,0.051513200257566,1553,80
evia_2021_to_manavgat_2021,burnable_tree_shrub,baseline,4,10,10,0.32232763597208763,0.06241956241956242,1554,97
evia_2021_to_manavgat_2021,burnable_tree_shrub,baseline,5,10,10,0.37329585807629956,0.1048906048906049,1554,163
evia_2021_to_manavgat_2021,burnable_tree_shrub,baseline,6,10,10,0.494081920859093,0.2343850611719253,1553,364
evia_2021_to_manavgat_2021,burnable_tree_shrub,baseline,7,10,10,0.6544343193192768,0.24002574002574004,1554,373
evia_2021_to_manavgat_2021,burnable_tree_shrub,baseline,8,10,10,0.7953660120382483,0.24646074646074645,1554,383
evia_2021_to_manavgat_2021,burnable_tree_shrub,baseline,9,10,10,0.9097311802061661,0.32754182754182753,1554,509
evia_2021_to_manavgat_2021,burnable_tree_shrub,thermal,0,10,10,0.15552605165345754,0.1743886743886744,1554,271
evia_2021_to_manavgat_2021,burnable_tree_shrub,thermal,1,10,10,0.3029693649416196,0.14285714285714285,1554,222
evia_2021_to_manavgat_2021,burnable_tree_shrub,thermal,2,10,10,0.38999950583947357,0.10617760617760617,1554,165
evia_2021_to_manavgat_2021,burnable_tree_shrub,thermal,3,10,10,0.44539796806010407,0.07533805537669028,1553,117
evia_2021_to_manavgat_2021,burnable_tree_shrub,thermal,4,10,10,0.4915780097471433,0.09523809523809523,1554,148
evia_2021_to_manavgat_2021,burnable_tree_shrub,thermal,5,10,10,0.5385253276189513,0.10231660231660232,1554,159
evia_2021_to_manavgat_2021,burnable_tree_shrub,thermal,6,10,10,0.5943978972119949,0.12556342562781714,1553,195
evia_2021_to_manavgat_2021,burnable_tree_shrub,thermal,7,10,10,0.6620384942494475,0.1435006435006435,1554,223
evia_2021_to_manavgat_2021,burnable_tree_shrub,thermal,8,10,10,0.7383243891350281,0.18018018018018017,1554,280
evia_2021_to_manavgat_2021,burnable_tree_shrub,thermal,9,10,10,0.8528570187644343,0.3326898326898327,1554,517
evia_2021_to_manavgat_2021,burnable_tree_shrub_grass,baseline,0,10,10,0.07365085957124481,0.03313840155945419,2052,68
evia_2021_to_manavgat_2021,burnable_tree_shrub_grass,baseline,1,10,10,0.15076899196064364,0.08044856167723062,2051,165
evia_2021_to_manavgat_2021,burnable_tree_shrub_grass,baseline,2,10,10,0.22089934832530397,0.0848366650414432,2051,174
evia_2021_to_manavgat_2021,burnable_tree_shrub_grass,baseline,3,10,10,0.2711948992565983,0.0628961482203803,2051,129
evia_2021_to_manavgat_2021,burnable_tree_shrub_grass,baseline,4,10,10,0.3064118577647011,0.07606045831301804,2051,156
evia_2021_to_manavgat_2021,burnable_tree_shrub_grass,baseline,5,10,10,0.3598879238311635,0.10775231594344223,2051,221
evia_2021_to_manavgat_2021,burnable_tree_shrub_grass,baseline,6,10,10,0.444425168219243,0.17747440273037543,2051,364
evia_2021_to_manavgat_2021,burnable_tree_shrub_grass,baseline,7,10,10,0.5908242581252395,0.2476840565577767,2051,508
evia_2021_to_manavgat_2021,burnable_tree_shrub_grass,baseline,8,10,10,0.758934286166147,0.2476840565577767,2051,508
evia_2021_to_manavgat_2021,burnable_tree_shrub_grass,baseline,9,10,10,0.9039205455940916,0.3130180399804973,2051,642
evia_2021_to_manavgat_2021,burnable_tree_shrub_grass,thermal,0,10,10,0.16518255366241483,0.1827485380116959,2052,375
evia_2021_to_manavgat_2021,burnable_tree_shrub_grass,thermal,1,10,10,0.25708184639951487,0.18576304241833252,2051,381
evia_2021_to_manavgat_2021,burnable_tree_shrub_grass,thermal,2,10,10,0.32841029449893744,0.113603120429059,2051,233
evia_2021_to_manavgat_2021,burnable_tree_shrub_grass,thermal,3,10,10,0.3915623321931208,0.09068746952705997,2051,186
evia_2021_to_manavgat_2021,burnable_tree_shrub_grass,thermal,4,10,10,0.44636212154610416,0.08386153096050707,2051,172
evia_2021_to_manavgat_2021,burnable_tree_shrub_grass,thermal,5,10,10,0.49881363939005935,0.0931253047294003,2051,191
evia_2021_to_manavgat_2021,burnable_tree_shrub_grass,thermal,6,10,10,0.5548367957354634,0.09458800585080449,2051,194
evia_2021_to_manavgat_2021,burnable_tree_shrub_grass,thermal,7,10,10,0.6229277002654167,0.11409068746952707,2051,234
evia_2021_to_manavgat_2021,burnable_tree_shrub_grass,thermal,8,10,10,0.713539801788482,0.16479765967820575,2051,338
evia_2021_to_manavgat_2021,burnable_tree_shrub_grass,thermal,9,10,10,0.8467871006071942,0.3076548025353486,2051,631
manavgat_2021_to_evia_2021,all_valid,baseline,0,10,10,0.0002818536543339185,0.008082292432035268,1361,11
manavgat_2021_to_evia_2021,all_valid,baseline,1,10,10,0.0014833807411615799,0.003816793893129771,262,1
manavgat_2021_to_evia_2021,all_valid,baseline,2,10,10,0.003256135731621828,0.004827031375703942,1243,6
manavgat_2021_to_evia_2021,all_valid,baseline,3,10,10,0.004589073118429615,0.0,263,0
manavgat_2021_to_evia_2021,all_valid,baseline,4,10,10,0.023538307858431973,0.17551020408163265,735,129
manavgat_2021_to_evia_2021,all_valid,baseline,5,10,10,0.1838545293976013,0.51875808538163,773,401
manavgat_2021_to_evia_2021,all_valid,baseline,6,10,10,0.4486096008294589,0.6632124352331606,772,512
manavgat_2021_to_evia_2021,all_valid,baseline,7,10,10,0.6265959288194509,0.7102199223803364,773,549
manavgat_2021_to_evia_2021,all_valid,baseline,8,10,10,0.7512959768766206,0.741267787839586,773,573
manavgat_2021_to_evia_2021,all_valid,baseline,9,10,10,0.8644296256648851,0.7658473479948253,773,592
manavgat_2021_to_evia_2021,all_valid,thermal,0,10,10,0.1051463302386038,0.19404915912031048,773,150
manavgat_2021_to_evia_2021,all_valid,thermal,1,10,10,0.15599748660269644,0.014230271668822769,773,11
manavgat_2021_to_evia_2021,all_valid,thermal,2,10,10,0.18017656621902142,0.07188703465982028,779,56
manavgat_2021_to_evia_2021,all_valid,thermal,3,10,10,0.207714484776595,0.05483028720626632,766,42
manavgat_2021_to_evia_2021,all_valid,thermal,4,10,10,0.24860172586120238,0.11901681759379043,773,92
manavgat_2021_to_evia_2021,all_valid,thermal,5,10,10,0.32365163578088124,0.34411384217335056,773,266
manavgat_2021_to_evia_2021,all_valid,thermal,6,10,10,0.45114553882642316,0.616580310880829,772,476
manavgat_2021_to_evia_2021,all_valid,thermal,7,10,10,0.6115506337159768,0.6455368693402329,773,499
manavgat_2021_to_evia_2021,all_valid,thermal,8,10,10,0.7711687907580391,0.7089262613195343,773,548
manavgat_2021_to_evia_2021,all_valid,thermal,9,10,10,0.8788075285198346,0.8201811125485123,773,634
manavgat_2021_to_evia_2021,burnable_tree_shrub,baseline,0,10,10,0.08297796739086906,0.5677966101694916,354,201
manavgat_2021_to_evia_2021,burnable_tree_shrub,baseline,1,10,10,0.17497413036815196,0.509915014164306,353,180
manavgat_2021_to_evia_2021,burnable_tree_shrub,baseline,2,10,10,0.3255490087931328,0.6742209631728046,353,238
manavgat_2021_to_evia_2021,burnable_tree_shrub,baseline,3,10,10,0.451075399703339,0.6581920903954802,354,233
manavgat_2021_to_evia_2021,burnable_tree_shrub,baseline,4,10,10,0.5418823958721954,0.7450424929178471,353,263
manavgat_2021_to_evia_2021,burnable_tree_shrub,baseline,5,10,10,0.6212219026208102,0.7478753541076487,353,264
manavgat_2021_to_evia_2021,burnable_tree_shrub,baseline,6,10,10,0.6866032897325214,0.7344632768361582,354,260
manavgat_2021_to_evia_2021,burnable_tree_shrub,baseline,7,10,10,0.7414669286347548,0.7507082152974505,353,265
manavgat_2021_to_evia_2021,burnable_tree_shrub,baseline,8,10,10,0.7942991724021414,0.7507082152974505,353,265
manavgat_2021_to_evia_2021,burnable_tree_shrub,baseline,9,10,10,0.8631705928389692,0.8022598870056498,354,284
manavgat_2021_to_evia_2021,burnable_tree_shrub,thermal,0,10,10,0.15736964348689306,0.7090395480225988,354,251
manavgat_2021_to_evia_2021,burnable_tree_shrub,thermal,1,10,10,0.3009061443629859,0.6317280453257791,353,223
manavgat_2021_to_evia_2021,burnable_tree_shrub,thermal,2,10,10,0.3747720943427249,0.6288951841359773,353,222
manavgat_2021_to_evia_2021,burnable_tree_shrub,thermal,3,10,10,0.42802388165442623,0.5988700564971752,354,212
manavgat_2021_to_evia_2021,burnable_tree_shrub,thermal,4,10,10,0.49457803680196843,0.6458923512747875,353,228
manavgat_2021_to_evia_2021,burnable_tree_shrub,thermal,5,10,10,0.5792667112767317,0.6430594900849859,353,227
manavgat_2021_to_evia_2021,burnable_tree_shrub,thermal,6,10,10,0.6663863718640067,0.6666666666666666,354,236
manavgat_2021_to_evia_2021,burnable_tree_shrub,thermal,7,10,10,0.7429300485991363,0.71671388101983,353,253
manavgat_2021_to_evia_2021,burnable_tree_shrub,thermal,8,10,10,0.8033000821940102,0.8385269121813032,353,296
manavgat_2021_to_evia_2021,burnable_tree_shrub,thermal,9,10,10,0.8756306875216583,0.8615819209039548,354,305
manavgat_2021_to_evia_2021,burnable_tree_shrub_grass,baseline,0,10,10,0.08192052222633411,0.4860759493670886,395,192
manavgat_2021_to_evia_2021,burnable_tree_shrub_grass,baseline,1,10,10,0.1766574630524672,0.4531645569620253,395,179
manavgat_2021_to_evia_2021,burnable_tree_shrub_grass,baseline,2,10,10,0.32368697223745385,0.6573604060913706,394,259
manavgat_2021_to_evia_2021,burnable_tree_shrub_grass,baseline,3,10,10,0.4559699345159926,0.6708860759493671,395,265
manavgat_2021_to_evia_2021,burnable_tree_shrub_grass,baseline,4,10,10,0.5558158041914701,0.7233502538071066,394,285
manavgat_2021_to_evia_2021,burnable_tree_shrub_grass,baseline,5,10,10,0.6347747387402837,0.7037974683544304,395,278
manavgat_2021_to_evia_2021,burnable_tree_shrub_grass,baseline,6,10,10,0.698829245504231,0.7690355329949239,394,303
manavgat_2021_to_evia_2021,burnable_tree_shrub_grass,baseline,7,10,10,0.7541387827845141,0.7544303797468355,395,298
manavgat_2021_to_evia_2021,burnable_tree_shrub_grass,baseline,8,10,10,0.8113933296954354,0.7309644670050761,394,288
manavgat_2021_to_evia_2021,burnable_tree_shrub_grass,baseline,9,10,10,0.8844982966951258,0.8,395,316
manavgat_2021_to_evia_2021,burnable_tree_shrub_grass,thermal,0,10,10,0.1331066141543507,0.5468354430379747,395,216
manavgat_2021_to_evia_2021,burnable_tree_shrub_grass,thermal,1,10,10,0.2823455245379524,0.589873417721519,395,233
manavgat_2021_to_evia_2021,burnable_tree_shrub_grass,thermal,2,10,10,0.3735469740299089,0.5609137055837563,394,221
manavgat_2021_to_evia_2021,burnable_tree_shrub_grass,thermal,3,10,10,0.43940493008763687,0.6683544303797468,395,264
manavgat_2021_to_evia_2021,burnable_tree_shrub_grass,thermal,4,10,10,0.5182383762403573,0.631979695431472,394,249
manavgat_2021_to_evia_2021,burnable_tree_shrub_grass,thermal,5,10,10,0.6081182498397119,0.6835443037974683,395,270
manavgat_2021_to_evia_2021,burnable_tree_shrub_grass,thermal,6,10,10,0.703429467499398,0.6472081218274112,394,255
manavgat_2021_to_evia_2021,burnable_tree_shrub_grass,thermal,7,10,10,0.7774504622681118,0.7620253164556962,395,301
manavgat_2021_to_evia_2021,burnable_tree_shrub_grass,thermal,8,10,10,0.8346949213819002,0.7944162436548223,394,313
manavgat_2021_to_evia_2021,burnable_tree_shrub_grass,thermal,9,10,10,0.8930405711983513,0.8632911392405064,395,341
