feature,population,region_experiment_id,burned_count,unburned_count,burned_mean,unburned_mean,burned_median,unburned_median,raw_auc,inverse_auc,rank_biserial_correlation,mean_difference,median_difference
ndvi_mean,burnable_tree_shrub_grass,manavgat_2021,2935,17576,0.5284558057175788,0.5012731087573371,0.5439432263374329,0.5117437839508057,0.5640055957519895,0.4359944042480105,0.128011191503979,0.02718269696024167,0.0321994423866272
elevation_mean,burnable_tree_shrub_grass,manavgat_2021,2935,17576,403.85461699861077,936.5861821601139,286.5644836425781,1003.9690246582031,0.232040982011245,0.767959017988755,-0.53591803597751,-532.7315651615031,-717.404541015625
slope_mean,burnable_tree_shrub_grass,manavgat_2021,2935,17576,16.651308149779677,18.779500047781816,15.800135612487793,19.137463569641113,0.40018140735508156,0.5998185926449184,-0.19963718528983687,-2.1281918980021395,-3.3373279571533203
lst_anomaly_mean,burnable_tree_shrub_grass,manavgat_2021,2901,17257,-0.28627843026874966,-0.26482665437215785,-0.3801524341106415,-0.3845338821411133,0.5087692084924866,0.4912307915075133,0.01753841698497327,-0.021451775896591807,0.004381448030471802
current_lst_mean,burnable_tree_shrub_grass,manavgat_2021,2935,17516,37.715104896896335,35.28684391989559,37.363975524902344,34.79208755493164,0.6646991429203886,0.33530085707961144,0.3293982858407771,2.428260977000747,2.571887969970703
current_tvdi_mean,burnable_tree_shrub_grass,manavgat_2021,2935,17516,0.6167279790061981,0.47579069656829215,0.6215698719024658,0.4533839225769043,0.6770834881362302,0.3229165118637698,0.3541669762724604,0.140937282437906,0.16818594932556152
tvdi_difference_mean,burnable_tree_shrub_grass,manavgat_2021,2935,17515,-0.04814380695971542,-0.032549167718153166,-0.04921964555978775,-0.03831816464662552,0.4603939869501002,0.5396060130498999,-0.0792120260997996,-0.015594639241562257,-0.010901480913162231
downscaled_lst_mean,burnable_tree_shrub_grass,manavgat_2021,2935,17576,37.776970536786,35.26580557434679,37.42384338378906,34.695356369018555,0.6831504494668662,0.3168495505331337,0.3663008989337324,2.51116496243921,2.728487014770508
fused_lst_mean,burnable_tree_shrub_grass,manavgat_2021,2935,17576,37.71511174840456,35.273966353646074,37.363975524902344,34.752668380737305,0.6662317904467838,0.333768209553216,0.33246358089356765,2.441145394758486,2.611307144165039
ndvi_mean,burnable_tree_shrub_grass,evia_2021,2663,1283,0.6144179572657987,0.5978218226207948,0.6236337423324585,0.6052476167678833,0.530982585466552,0.4690174145334481,0.06196517093310394,0.01659613464500398,0.018386125564575195
elevation_mean,burnable_tree_shrub_grass,evia_2021,2663,1283,301.1633444666818,235.26696875633343,263.8512878417969,140.13140869140625,0.6471984520414713,0.3528015479585287,0.2943969040829426,65.89637571034837,123.71987915039062
slope_mean,burnable_tree_shrub_grass,evia_2021,2663,1283,15.367170389124741,15.187994980059466,15.025975227355957,14.652538299560547,0.5207375456919672,0.4792624543080328,0.04147509138393435,0.17917540906527485,0.37343692779541016
lst_anomaly_mean,burnable_tree_shrub_grass,evia_2021,2553,1259,0.580843752788673,0.4336841191937984,0.5381837487220764,0.40747925639152527,0.5486834003945583,0.4513165996054416,0.09736680078911664,0.14715963359487455,0.13070449233055115
current_lst_mean,burnable_tree_shrub_grass,evia_2021,2648,1279,34.45537137553051,35.694534805810854,34.19670104980469,35.242431640625,0.4157760500201961,0.5842239499798039,-0.16844789995960785,-1.2391634302803425,-1.0457305908203125
current_tvdi_mean,burnable_tree_shrub_grass,evia_2021,2648,1279,0.5152080455756946,0.6092997837034029,0.521240621805191,0.6082099676132202,0.37516948191681093,0.624830518083189,-0.24966103616637814,-0.09409173812770832,-0.08696934580802917
tvdi_difference_mean,burnable_tree_shrub_grass,evia_2021,2648,1279,-0.0049782064887416615,-0.008251018931311176,0.0029404712840914726,-0.0019022015621885657,0.5211031560249345,0.4788968439750655,0.04220631204986902,0.003272812442569515,0.004842672846280038
downscaled_lst_mean,burnable_tree_shrub_grass,evia_2021,2658,1263,34.477686427785905,35.713364112594256,34.28633689880371,35.16715621948242,0.41518605300957323,0.5848139469904268,-0.16962789398085354,-1.2356776848083513,-0.8808193206787109
fused_lst_mean,burnable_tree_shrub_grass,evia_2021,2663,1283,34.45154639576057,35.71606401010872,34.20717239379883,35.27869415283203,0.41405812571397127,0.5859418742860286,-0.17188374857205746,-1.2645176143481436,-1.0715217590332031
ndvi_mean,all_valid,manavgat_2021,3046,21041,0.5170244236428334,0.4515060703434769,0.5385438203811646,0.4804486930370331,0.6132363890241742,0.3867636109758258,0.22647277804834842,0.06551835329935651,0.05809512734413147
elevation_mean,all_valid,manavgat_2021,3046,21041,391.5885774386375,806.2247661365999,272.45252990722656,840.232177734375,0.33742401376694964,0.6625759862330503,-0.3251519724661007,-414.6361886979624,-567.7796478271484
slope_mean,all_valid,manavgat_2021,3046,21041,16.260615047807935,16.022805035874562,15.528253555297852,17.44833755493164,0.48256031286570134,0.5174396871342987,-0.03487937426859733,0.23781001193337303,-1.920083999633789
lst_anomaly_mean,all_valid,manavgat_2021,3005,19034,-0.2739605993206473,-0.2984331412372045,-0.36865514516830444,-0.4154602736234665,0.5197411952374567,0.48025880476254335,0.03948239047491331,0.024472541916557178,0.04680512845516205
current_lst_mean,all_valid,manavgat_2021,3046,20966,37.6462057643397,34.94164670256273,37.31201362609863,34.56682586669922,0.6570836884455832,0.34291631155441676,0.31416737689116636,2.704559061776969,2.745187759399414
current_tvdi_mean,all_valid,manavgat_2021,3046,20964,0.6148454392043285,0.4619942338789838,0.6201779544353485,0.44200608134269714,0.6715775882815966,0.3284224117184034,0.3431551765631933,0.15285120532534474,0.17817187309265137
tvdi_difference_mean,all_valid,manavgat_2021,3046,20960,-0.046601380802089365,-0.0366628728791121,-0.04711359553039074,-0.0432641189545393,0.4772716329888278,0.5227283670111722,-0.0454567340223444,-0.009938507922977263,-0.0038494765758514404
downscaled_lst_mean,all_valid,manavgat_2021,3046,21041,37.71667980412003,34.91817440408065,37.36603927612305,34.50885772705078,0.6719799832381784,0.32802001676182163,0.34395996647635685,2.7985054000393745,2.8571815490722656
fused_lst_mean,all_valid,manavgat_2021,3046,21041,37.6462123661705,34.92867718411004,37.31201362609863,34.5212516784668,0.658615189061359,0.3413848109386411,0.3172303781227179,2.717535182060459,2.790761947631836
ndvi_mean,all_valid,evia_2021,2774,4954,0.6023082266368305,0.2467031587000921,0.6195389330387115,0.22026925534009933,0.8622109637940867,0.13778903620591343,0.7244219275881734,0.3556050679367384,0.3992696776986122
elevation_mean,all_valid,evia_2021,2774,4954,291.2867770352402,61.66565333402664,253.2636947631836,0.0,0.8997090099863225,0.10029099001367736,0.799418019972645,229.62112370121358,253.2636947631836
slope_mean,all_valid,evia_2021,2774,4954,14.902383930816441,4.082889370133299,14.779291152954102,0.0,0.866841779264693,0.13315822073530698,0.7336835585293859,10.819494560683143,14.779291152954102
lst_anomaly_mean,all_valid,evia_2021,2651,2988,0.5814621347837353,0.7287715276853394,0.5359987616539001,0.7945304811000824,0.42944000319144043,0.5705599968085595,-0.14111999361711913,-0.14730939290160405,-0.25853171944618225
current_lst_mean,all_valid,evia_2021,2759,4950,34.44697746326631,29.702204069272437,34.19417190551758,27.478261947631836,0.8229991835718549,0.1770008164281452,0.6459983671437097,4.744773393993871,6.715909957885742
current_tvdi_mean,all_valid,evia_2021,2759,4731,0.5166948007763339,0.29527784624115794,0.5228936672210693,0.1750887930393219,0.7570436263280551,0.24295637367194498,0.5140872526561102,0.22141695453517596,0.34780487418174744
tvdi_difference_mean,all_valid,evia_2021,2759,4724,-0.0025381325350212363,0.07144684136245037,0.004887402057647705,0.047078728675842285,0.32793069805568964,0.6720693019443104,-0.3441386038886207,-0.0739849738974716,-0.04219132661819458
downscaled_lst_mean,all_valid,evia_2021,2752,1477,34.508523514104446,35.5450248046751,34.31621551513672,35.225440979003906,0.4269454799168648,0.5730545200831352,-0.14610904016627035,-1.036501290570655,-0.9092254638671875
fused_lst_mean,all_valid,evia_2021,2774,4954,34.4434288866501,29.71288077062207,34.204607009887695,27.482600212097168,0.8222445343592193,0.17775546564078054,0.6444890687184386,4.730548116028032,6.722006797790527
ndvi_mean,burnable_tree_shrub,manavgat_2021,2297,13241,0.56586140068552,0.5509548065962365,0.5741269588470459,0.5507054328918457,0.557440664060526,0.44255933593947405,0.1148813281210519,0.01490659408928352,0.023421525955200195
elevation_mean,burnable_tree_shrub,manavgat_2021,2297,13241,452.1553583705638,863.1967497891812,344.6873779296875,918.3822631835938,0.25307055889680796,0.746929441103192,-0.4938588822063841,-411.0413914186174,-573.6948852539062
slope_mean,burnable_tree_shrub,manavgat_2021,2297,13241,17.963575169684113,19.631446444822146,16.979076385498047,19.60409927368164,0.4128228546463099,0.58717714535369,-0.17435429070738018,-1.6678712751380331,-2.6250228881835938
lst_anomaly_mean,burnable_tree_shrub,manavgat_2021,2272,12981,-0.32330655669239017,-0.21615008405041256,-0.41405047476291656,-0.3673257827758789,0.4909915738169871,0.5090084261830129,-0.018016852366025793,-0.10715647264197761,-0.04672469198703766
current_lst_mean,burnable_tree_shrub,manavgat_2021,2297,13219,36.65903564323588,35.01527395622841,36.55059814453125,34.68769454956055,0.6317871108271056,0.3682128891728944,0.2635742216542112,1.6437616870074692,1.8629035949707031
current_tvdi_mean,burnable_tree_shrub,manavgat_2021,2297,13219,0.5744478069128234,0.4683991587265723,0.5798513889312744,0.452928751707077,0.6475358535093629,0.35246414649063695,0.29507170701872587,0.1060486481862511,0.1269226372241974
tvdi_difference_mean,burnable_tree_shrub,manavgat_2021,2297,13219,-0.0522294660735969,-0.030454031937222976,-0.05702391639351845,-0.03831816464662552,0.4457783009989809,0.5542216990010191,-0.10844339800203817,-0.021775434136373926,-0.01870575174689293
downscaled_lst_mean,burnable_tree_shrub,manavgat_2021,2297,13241,36.82188285492169,35.074855035367435,36.71596145629883,34.66556930541992,0.6513907952755681,0.3486092047244319,0.3027815905511362,1.7470278195542548,2.0503921508789062
fused_lst_mean,burnable_tree_shrub,manavgat_2021,2297,13241,36.65904439777512,35.010356455516906,36.55059814453125,34.67609786987305,0.6325104899535509,0.3674895100464491,0.2650209799071017,1.6486879422582135,1.8745002746582031
ndvi_mean,burnable_tree_shrub,evia_2021,2453,1081,0.6277827238895628,0.6273612510981547,0.6313722133636475,0.6416126489639282,0.4859233327538294,0.5140766672461707,-0.028153334492341253,0.00042147279140813954,-0.010240435600280762
elevation_mean,burnable_tree_shrub,evia_2021,2453,1081,310.7199642784587,253.7283329063825,276.27813720703125,156.0629119873047,0.6262304874659321,0.37376951253406787,0.25246097493186426,56.9916313720762,120.21522521972656
slope_mean,burnable_tree_shrub,evia_2021,2453,1081,15.938256325840317,16.528928833852532,15.495299339294434,15.686994552612305,0.4877091729698725,0.5122908270301276,-0.02458165406025503,-0.590672508012215,-0.1916952133178711
lst_anomaly_mean,burnable_tree_shrub,evia_2021,2347,1060,0.5481446278031269,0.3609616764016089,0.5040512084960938,0.32596173882484436,0.5657607865520817,0.43423921344791827,0.13152157310416346,0.18718295140151797,0.1780894696712494
current_lst_mean,burnable_tree_shrub,evia_2021,2439,1079,34.06946347179155,34.892195681270564,33.93708038330078,34.4213752746582,0.44453374098152476,0.5554662590184752,-0.11093251803695048,-0.8227322094790139,-0.4842948913574219
current_tvdi_mean,burnable_tree_shrub,evia_2021,2439,1079,0.49447782698510095,0.571912226478627,0.5013886094093323,0.5618475079536438,0.3946747345137956,0.6053252654862045,-0.21065053097240882,-0.0774343994935261,-0.06045889854431152
tvdi_difference_mean,burnable_tree_shrub,evia_2021,2439,1079,-0.009413041951650507,-0.013923839843809084,-0.0017317801248282194,-0.012118606828153133,0.5268529886411005,0.47314701135889947,0.053705977282201056,0.004510797892158577,0.010386826703324914
downscaled_lst_mean,burnable_tree_shrub,evia_2021,2450,1066,34.12075622325041,34.89703903770805,34.04452133178711,34.44735145568848,0.4485453918903396,0.5514546081096604,-0.10290921621932081,-0.7762828144576375,-0.4028301239013672
fused_lst_mean,burnable_tree_shrub,evia_2021,2453,1081,34.0695636079013,34.90646214974798,33.94346237182617,34.44234085083008,0.4438383327180032,0.5561616672819968,-0.11232333456399357,-0.8368985418466792,-0.49887847900390625
