cell_id,row_500m,col_500m,burned,hist5,gap
r80_c70,80,70,1,True,False
r80_c71,80,71,1,True,False
r80_c72,80,72,1,True,False
r80_c73,80,73,1,True,False
r80_c74,80,74,1,True,False
r81_c69,81,69,1,True,False
r81_c70,81,70,1,True,False
r81_c71,81,71,1,True,False
r81_c72,81,72,1,True,False
r81_c73,81,73,1,True,False
r81_c74,81,74,1,True,False
r81_c75,81,75,1,True,False
r82_c60,82,60,1,True,False
r82_c61,82,61,1,True,False
r82_c62,82,62,1,True,False
r82_c63,82,63,1,True,False
r82_c64,82,64,1,True,False
r82_c65,82,65,1,True,False
r82_c66,82,66,1,True,False
r82_c67,82,67,1,True,False
r82_c68,82,68,1,True,False
r82_c69,82,69,1,True,False
r82_c70,82,70,1,True,False
r82_c71,82,71,1,True,False
r82_c72,82,72,1,True,False
r82_c73,82,73,1,True,False
r82_c74,82,74,1,True,False
r83_c60,83,60,1,True,False
r83_c61,83,61,1,True,False
r83_c62,83,62,1,True,False
r83_c63,83,63,1,True,False
r83_c64,83,64,1,True,False
r83_c65,83,65,1,True,False
r83_c66,83,66,1,True,False
r83_c67,83,67,1,True,False
r83_c68,83,68,1,True,False
r83_c69,83,69,1,True,False
r83_c70,83,70,1,True,False
r83_c71,83,71,1,True,False
r83_c72,83,72,1,True,False
r83_c73,83,73,1,True,False
r83_c74,83,74,1,True,False
r84_c60,84,60,1,True,False
r84_c61,84,61,1,True,False
r84_c62,84,62,1,True,False
r84_c63,84,63,1,True,False
r84_c64,84,64,1,True,False
r84_c65,84,65,1,True,False
r84_c66,84,66,1,True,False
r84_c67,84,67,0,True,False
r84_c68,84,68,1,True,False
r84_c69,84,69,1,True,False
r84_c70,84,70,1,True,False
r84_c71,84,71,1,True,False
r84_c72,84,72,1,True,False
r84_c73,84,73,1,True,False
r84_c74,84,74,1,True,False
r84_c75,84,75,1,True,False
r85_c60,85,60,1,True,False
r85_c61,85,61,1,True,False
r85_c62,85,62,1,True,False
r85_c63,85,63,1,True,False
r85_c64,85,64,0,True,False
r85_c65,85,65,0,True,False
r85_c66,85,66,0,True,False
r85_c67,85,67,0,True,False
r85_c68,85,68,0,True,False
r85_c69,85,69,1,True,False
r85_c70,85,70,1,True,False
r85_c71,85,71,1,True,False
r85_c72,85,72,1,True,False
r85_c73,85,73,1,True,False
r85_c74,85,74,1,True,False
r85_c75,85,75,1,True,False
r86_c62,86,62,0,True,False
r86_c63,86,63,0,True,False
r86_c64,86,64,0,True,False
r86_c65,86,65,0,True,False
r86_c66,86,66,0,True,False
r86_c67,86,67,0,True,False
r86_c68,86,68,0,True,False
r86_c69,86,69,1,True,False
r86_c70,86,70,1,True,False
r86_c71,86,71,1,True,False
r86_c72,86,72,1,True,False
r86_c73,86,73,1,True,False
r86_c74,86,74,1,True,False
r87_c62,87,62,0,True,False
r87_c63,87,63,0,True,False
r87_c64,87,64,0,True,False
r87_c65,87,65,0,True,False
r87_c66,87,66,0,True,False
r87_c67,87,67,0,True,False
r87_c68,87,68,0,True,False
r87_c69,87,69,0,True,False
r87_c70,87,70,0,True,False
r87_c71,87,71,1,True,False
r87_c72,87,72,1,True,False
r87_c73,87,73,1,True,False
r88_c64,88,64,0,True,False
r88_c65,88,65,0,True,False
r88_c66,88,66,0,True,False
r88_c67,88,67,0,True,False
r88_c68,88,68,0,True,False
r88_c69,88,69,0,True,False
r88_c70,88,70,0,True,False
r88_c71,88,71,1,True,False
r88_c72,88,72,1,True,False
r89_c64,89,64,0,True,False
r89_c65,89,65,0,True,False
r89_c66,89,66,0,True,False
r89_c67,89,67,0,True,False
r89_c68,89,68,0,True,False
r89_c69,89,69,0,True,False
r89_c70,89,70,0,True,False
r89_c71,89,71,1,True,False
r89_c72,89,72,1,True,False
r90_c66,90,66,0,True,False
r90_c67,90,67,0,True,False
r90_c68,90,68,0,True,False
r90_c69,90,69,0,True,False
r90_c70,90,70,0,True,False
r90_c71,90,71,0,True,False
r90_c72,90,72,1,True,False
r90_c73,90,73,1,True,False
r91_c68,91,68,0,True,False
r91_c69,91,69,0,True,False
r91_c70,91,70,0,True,False
r91_c71,91,71,0,True,False
r91_c72,91,72,1,True,False
r91_c73,91,73,1,True,False
r92_c67,92,67,0,True,False
r92_c68,92,68,0,True,False
r92_c69,92,69,0,True,False
r92_c70,92,70,0,True,False
r92_c71,92,71,0,True,False
r92_c72,92,72,1,True,False
r92_c73,92,73,1,True,False
r93_c67,93,67,0,True,False
r93_c68,93,68,0,True,False
r93_c69,93,69,0,True,False
r93_c70,93,70,0,True,False
r93_c71,93,71,0,True,False
r93_c72,93,72,0,True,False
r94_c69,94,69,0,True,False
r94_c70,94,70,0,True,False
r94_c71,94,71,0,True,False
r94_c72,94,72,1,True,False
r95_c70,95,70,0,True,False
r95_c71,95,71,0,True,False
r108_c128,108,128,0,True,False
r108_c129,108,129,0,True,False
r108_c130,108,130,0,True,False
r108_c131,108,131,0,True,False
r108_c132,108,132,0,True,False
r108_c133,108,133,0,True,False
r108_c134,108,134,0,True,False
r108_c135,108,135,0,True,False
r108_c136,108,136,0,True,False
r108_c137,108,137,0,True,False
r108_c138,108,138,0,True,False
r108_c139,108,139,0,True,False
r108_c140,108,140,0,True,False
r108_c141,108,141,0,True,False
r109_c127,109,127,0,True,False
r109_c128,109,128,0,True,False
r109_c129,109,129,0,True,False
r109_c130,109,130,0,True,False
r109_c131,109,131,0,True,False
r109_c132,109,132,0,True,False
r109_c133,109,133,0,True,False
r109_c134,109,134,0,True,False
r109_c135,109,135,0,True,False
r109_c136,109,136,0,True,False
r109_c137,109,137,0,True,False
r109_c138,109,138,0,True,False
r109_c139,109,139,0,True,False
r109_c140,109,140,0,True,False
r109_c141,109,141,0,True,False
r109_c142,109,142,0,True,False
r110_c125,110,125,0,True,False
r110_c126,110,126,0,True,False
r110_c127,110,127,0,True,False
r110_c128,110,128,0,True,False
r110_c129,110,129,0,True,False
r110_c130,110,130,0,True,False
r110_c131,110,131,0,True,False
r110_c132,110,132,0,True,False
r110_c133,110,133,0,True,False
r110_c134,110,134,0,True,False
r110_c135,110,135,0,True,False
r110_c136,110,136,0,True,False
r110_c137,110,137,0,True,False
r110_c138,110,138,0,True,False
r110_c139,110,139,0,True,False
r110_c140,110,140,0,True,False
r110_c141,110,141,0,True,False
r110_c142,110,142,0,True,False
r111_c124,111,124,0,True,False
r111_c125,111,125,0,True,False
r111_c126,111,126,0,True,False
r111_c127,111,127,0,True,False
r111_c128,111,128,0,True,False
r111_c129,111,129,0,True,False
r111_c130,111,130,0,True,False
r111_c131,111,131,0,True,False
r111_c132,111,132,0,True,False
r111_c133,111,133,0,True,False
r111_c134,111,134,0,True,False
r111_c135,111,135,0,True,False
r111_c136,111,136,0,True,False
r111_c137,111,137,0,True,False
r111_c138,111,138,0,True,False
r111_c139,111,139,0,True,False
r111_c140,111,140,0,True,False
r111_c141,111,141,0,True,False
r111_c142,111,142,0,True,False
r112_c124,112,124,0,True,False
r112_c125,112,125,0,True,False
r112_c126,112,126,0,True,False
r112_c127,112,127,0,True,False
r112_c128,112,128,0,True,False
r112_c129,112,129,0,True,False
r112_c130,112,130,0,True,False
r112_c131,112,131,0,True,False
r112_c132,112,132,0,True,False
r112_c133,112,133,0,True,False
r112_c134,112,134,0,True,False
r112_c135,112,135,0,True,False
r112_c136,112,136,0,True,False
r112_c137,112,137,0,True,False
r112_c138,112,138,0,True,False
r112_c139,112,139,0,True,False
r113_c123,113,123,0,True,False
r113_c124,113,124,0,True,False
r113_c125,113,125,0,True,False
r113_c126,113,126,0,True,False
r113_c127,113,127,0,True,False
r113_c128,113,128,0,True,False
r113_c129,113,129,0,True,False
r113_c130,113,130,0,True,False
r113_c131,113,131,0,True,False
r113_c132,113,132,0,True,False
r113_c133,113,133,0,True,False
r113_c134,113,134,0,True,False
r113_c135,113,135,0,True,False
r113_c136,113,136,0,True,False
r113_c137,113,137,0,True,False
r113_c138,113,138,0,True,False
r114_c123,114,123,0,True,False
r114_c124,114,124,0,True,False
r114_c125,114,125,0,True,False
r114_c126,114,126,0,True,False
r114_c127,114,127,0,True,False
r114_c128,114,128,0,True,False
r114_c129,114,129,0,True,False
r114_c130,114,130,0,True,False
r114_c131,114,131,0,True,False
r114_c132,114,132,0,True,False
r114_c133,114,133,0,True,False
r114_c134,114,134,0,True,False
r114_c135,114,135,0,True,False
r114_c136,114,136,0,True,False
r114_c137,114,137,0,True,False
r115_c123,115,123,0,True,False
r115_c124,115,124,0,True,False
r115_c125,115,125,0,True,False
r115_c126,115,126,0,True,False
r115_c127,115,127,0,True,False
r115_c128,115,128,0,True,False
r115_c129,115,129,0,True,False
r115_c130,115,130,0,True,False
r115_c131,115,131,0,True,False
r115_c132,115,132,0,True,False
r115_c133,115,133,0,True,False
r115_c134,115,134,0,True,False
r115_c135,115,135,0,True,False
r115_c136,115,136,0,True,False
r115_c137,115,137,0,True,False
r116_c122,116,122,0,True,False
r116_c123,116,123,0,True,False
r116_c124,116,124,0,True,False
r116_c125,116,125,0,True,False
r116_c126,116,126,0,True,False
r116_c127,116,127,0,True,False
r116_c128,116,128,0,True,False
r116_c129,116,129,0,True,False
r116_c130,116,130,0,True,False
r116_c131,116,131,0,True,False
r116_c132,116,132,0,True,False
r116_c133,116,133,0,True,False
r116_c134,116,134,0,True,False
r116_c135,116,135,0,True,False
r116_c136,116,136,0,True,False
r116_c137,116,137,0,True,False
r117_c122,117,122,0,True,False
r117_c123,117,123,0,True,False
r117_c124,117,124,0,True,False
r117_c125,117,125,0,True,False
r117_c126,117,126,0,True,False
r117_c127,117,127,0,True,False
r117_c128,117,128,0,True,False
r117_c129,117,129,0,True,False
r117_c130,117,130,0,True,False
r117_c131,117,131,0,True,False
r117_c132,117,132,0,True,False
r117_c133,117,133,0,True,False
r117_c134,117,134,0,True,False
r117_c136,117,136,0,True,False
r118_c123,118,123,0,True,False
r118_c124,118,124,0,True,False
r118_c125,118,125,0,True,False
r118_c126,118,126,0,True,False
r118_c127,118,127,0,True,False
r118_c128,118,128,0,True,False
r118_c129,118,129,0,True,False
r118_c130,118,130,0,True,False
r118_c131,118,131,0,True,False
r118_c132,118,132,0,True,False
r118_c133,118,133,0,True,False
r118_c134,118,134,0,True,False
r118_c135,118,135,0,True,False
r119_c123,119,123,0,True,False
r119_c124,119,124,0,True,False
r119_c125,119,125,0,True,False
r119_c126,119,126,0,True,False
r119_c127,119,127,0,True,False
r119_c128,119,128,0,True,False
r119_c129,119,129,0,True,False
r119_c130,119,130,0,True,False
r119_c131,119,131,0,True,False
r119_c132,119,132,0,True,False
r119_c133,119,133,0,True,False
r119_c134,119,134,0,True,False
r119_c135,119,135,0,True,False
r119_c136,119,136,0,True,False
r120_c124,120,124,0,True,False
r120_c125,120,125,0,True,False
r120_c126,120,126,0,True,False
r120_c127,120,127,0,True,False
r120_c128,120,128,0,True,False
r120_c129,120,129,0,True,False
r120_c130,120,130,0,True,False
r120_c131,120,131,0,True,False
r120_c132,120,132,0,True,False
r120_c133,120,133,0,True,False
r120_c134,120,134,0,True,False
r120_c135,120,135,0,True,False
r121_c131,121,131,0,True,False
r121_c132,121,132,0,True,False
r121_c133,121,133,0,True,False
r121_c134,121,134,0,True,False
r121_c135,121,135,0,True,False
r128_c29,128,29,0,True,False
r128_c30,128,30,0,True,False
r128_c31,128,31,0,True,False
r128_c32,128,32,0,True,False
r129_c29,129,29,0,True,False
r129_c30,129,30,0,True,False
r129_c31,129,31,0,True,False
r129_c32,129,32,0,True,False
r130_c28,130,28,0,True,False
r130_c29,130,29,0,True,False
r130_c30,130,30,0,True,False
r130_c31,130,31,0,True,False
r130_c32,130,32,0,True,False
