source_experiment_id,target_experiment_id,model_family,adaptation_method,primary_population,target_row_count,target_burned_count,roc_auc,roc_auc_ci_low,roc_auc_ci_high,roc_auc_chance_status,pr_auc,pr_auc_ci_low,pr_auc_ci_high,raw_transfer_status,adapted_minus_raw,adapted_minus_raw_ci_low,adapted_minus_raw_ci_high,adapted_minus_raw_support_status,within_region_target_metric,remaining_transfer_gap,remaining_transfer_gap_ci_low,remaining_transfer_gap_ci_high,residual_gap_status,step9e_shift_categories,step9e_ranking_reversal_value,step9e_ranking_reversal_scope,brier,brier_availability,brier_protocol_source
bejis_2022,evia_2021_extended,baseline,raw_source_only,burnable_tree_shrub_grass,9298,2664,0.5304610270505659,0.5124590543904082,0.5489162227051457,bootstrap_supported_above_chance,0.28226185761164624,0.26246884572242596,0.3037897143467472,raw_roc_and_pr_supported,,,,,,,,,,large_covariate_shift_detected;distribution_support_mismatch_detected;high_shift;probability_scale_shift;ranking_reversal_suspected;relationship_direction_instability,True,direction_specific,0.2791821425489955,available,step9_transfer_metrics
bejis_2022,evia_2021_extended,baseline,regionwise_zscore,burnable_tree_shrub_grass,9298,2664,0.5842327856949503,0.5626402508723732,0.6055160420776279,bootstrap_supported_above_chance,0.3280115979933249,0.30322895254420135,0.35276463896058025,raw_roc_and_pr_supported,0.05377175864438444,0.03060906716145173,0.07535822286930448,adaptation_supported,0.7589523122760988,0.17471952658114853,0.15422608922918785,0.1971094286455467,residual_gap_remains,large_covariate_shift_detected;distribution_support_mismatch_detected;high_shift;probability_scale_shift;ranking_reversal_suspected;relationship_direction_instability,True,direction_specific,,not_preregistered_no_post_hoc_addition,step10_final_report_protocol
bejis_2022,evia_2021_extended,baseline,coral_after_regionwise_zscore,burnable_tree_shrub_grass,9298,2664,0.5985424016871861,0.5781425895087429,0.6194897599294047,bootstrap_supported_above_chance,0.3359096391753359,0.31081972456991963,0.36145894989952043,raw_roc_and_pr_supported,0.06808137463662023,0.044151968614841414,0.09060884305465433,adaptation_supported,0.7589523122760988,0.16040991058891274,0.14153952566124828,0.1810459556293688,residual_gap_remains,large_covariate_shift_detected;distribution_support_mismatch_detected;high_shift;probability_scale_shift;ranking_reversal_suspected;relationship_direction_instability,True,direction_specific,,not_preregistered_no_post_hoc_addition,step10_final_report_protocol
bejis_2022,evia_2021_extended,thermal,raw_source_only,burnable_tree_shrub_grass,9298,2664,0.38282143313044736,0.3630438786042756,0.40191746614026674,bootstrap_supported_below_chance,0.2257835213181088,0.208885527139773,0.24270655536705144,raw_discrimination_not_supported,,,,,,,,,,large_covariate_shift_detected;distribution_support_mismatch_detected;high_shift;probability_scale_shift;ranking_reversal_suspected;relationship_direction_instability,True,direction_specific,0.26824582711924677,available,step9_transfer_metrics
bejis_2022,evia_2021_extended,thermal,regionwise_zscore,burnable_tree_shrub_grass,9298,2664,0.5315998278954264,0.5092765451292832,0.5508467833166735,bootstrap_supported_above_chance,0.29092854202330454,0.2699746024728818,0.3133874540278703,raw_discrimination_not_supported,0.148778394764979,0.12113734875853678,0.17361102541153078,adaptation_supported,0.9122372202621674,0.380637392366741,0.35974219896238946,0.406087957978306,residual_gap_remains,large_covariate_shift_detected;distribution_support_mismatch_detected;high_shift;probability_scale_shift;ranking_reversal_suspected;relationship_direction_instability,True,direction_specific,,not_preregistered_no_post_hoc_addition,step10_final_report_protocol
bejis_2022,evia_2021_extended,thermal,coral_after_regionwise_zscore,burnable_tree_shrub_grass,9298,2664,0.49909737895869943,0.4789378316382308,0.5178399231307814,chance_level_not_excluded,0.2748417434786117,0.2558501076535456,0.29640353777717726,raw_discrimination_not_supported,0.11627594582825207,0.09229262728898113,0.1404449416046006,adaptation_supported,0.9122372202621674,0.4131398413034679,0.39251950239459804,0.43670535268984706,residual_gap_remains,large_covariate_shift_detected;distribution_support_mismatch_detected;high_shift;probability_scale_shift;ranking_reversal_suspected;relationship_direction_instability,True,direction_specific,,not_preregistered_no_post_hoc_addition,step10_final_report_protocol
evia_2021_extended,bejis_2022,baseline,raw_source_only,burnable_tree_shrub_grass,15190,1100,0.3917341441383315,0.3691127263898981,0.415099646274749,bootstrap_supported_below_chance,0.053976090011806165,0.0480451860125357,0.06094136796691142,raw_discrimination_not_supported,,,,,,,,,,large_covariate_shift_detected;distribution_support_mismatch_detected;high_shift;probability_scale_shift;ranking_reversal_suspected;relationship_direction_instability,True,direction_specific,0.1188529672385961,available,step9_transfer_metrics
evia_2021_extended,bejis_2022,baseline,regionwise_zscore,burnable_tree_shrub_grass,15190,1100,0.48099683850571007,0.4561244106101535,0.5082139470784642,chance_level_not_excluded,0.06921134093051388,0.06038254860999912,0.08078432399448801,raw_discrimination_not_supported,0.08926269436737855,0.06495036899279395,0.11753504277222893,adaptation_supported,0.8616776566230079,0.3806808181172978,0.34703706824375546,0.4120296692855018,residual_gap_remains,large_covariate_shift_detected;distribution_support_mismatch_detected;high_shift;probability_scale_shift;ranking_reversal_suspected;relationship_direction_instability,True,direction_specific,,not_preregistered_no_post_hoc_addition,step10_final_report_protocol
evia_2021_extended,bejis_2022,baseline,coral_after_regionwise_zscore,burnable_tree_shrub_grass,15190,1100,0.4862510807148849,0.4602416359377028,0.5132165721221006,chance_level_not_excluded,0.070481275873518,0.06144552334525187,0.08197908810143405,raw_discrimination_not_supported,0.09451693657655336,0.0693623130132255,0.12124527233264629,adaptation_supported,0.8616776566230079,0.375426575908123,0.34006816464224704,0.410136423365966,residual_gap_remains,large_covariate_shift_detected;distribution_support_mismatch_detected;high_shift;probability_scale_shift;ranking_reversal_suspected;relationship_direction_instability,True,direction_specific,,not_preregistered_no_post_hoc_addition,step10_final_report_protocol
evia_2021_extended,bejis_2022,thermal,raw_source_only,burnable_tree_shrub_grass,15190,1100,0.4480079359958707,0.4257771326040634,0.46987676554785857,bootstrap_supported_below_chance,0.059184248321390825,0.052661060795988035,0.06688558240740061,raw_discrimination_not_supported,,,,,,,,,,large_covariate_shift_detected;distribution_support_mismatch_detected;high_shift;probability_scale_shift;ranking_reversal_suspected;relationship_direction_instability,True,direction_specific,0.11733110952287601,available,step9_transfer_metrics
evia_2021_extended,bejis_2022,thermal,regionwise_zscore,burnable_tree_shrub_grass,15190,1100,0.5494716433318279,0.5239327513919875,0.5752930612358387,bootstrap_supported_above_chance,0.07655262154444524,0.06740686004261968,0.08726406217839498,raw_discrimination_not_supported,0.10146370733595717,0.07509742499337103,0.1292962599405698,adaptation_supported,0.9178110845861024,0.36833944125427454,0.34125975015548987,0.39685361750444886,residual_gap_remains,large_covariate_shift_detected;distribution_support_mismatch_detected;high_shift;probability_scale_shift;ranking_reversal_suspected;relationship_direction_instability,True,direction_specific,,not_preregistered_no_post_hoc_addition,step10_final_report_protocol
evia_2021_extended,bejis_2022,thermal,coral_after_regionwise_zscore,burnable_tree_shrub_grass,15190,1100,0.5489253500225821,0.525074567158925,0.5734955434916881,bootstrap_supported_above_chance,0.0745688917143,0.06614137264545077,0.08443458702133318,raw_discrimination_not_supported,0.10091741402671145,0.07627470083563395,0.1274334175132224,adaptation_supported,0.9178110845861024,0.36888573456352025,0.3420993019647287,0.39601801367562367,residual_gap_remains,large_covariate_shift_detected;distribution_support_mismatch_detected;high_shift;probability_scale_shift;ranking_reversal_suspected;relationship_direction_instability,True,direction_specific,,not_preregistered_no_post_hoc_addition,step10_final_report_protocol
bejis_2022,manavgat_2021,baseline,raw_source_only,burnable_tree_shrub_grass,20511,2935,0.2965551309319895,0.2778560515403547,0.31511369146476814,bootstrap_supported_below_chance,0.09644753386308019,0.08921798965005809,0.10425919473320285,raw_discrimination_not_supported,,,,,,,,,,large_covariate_shift_detected;distribution_support_mismatch_detected;high_shift;probability_scale_shift;ranking_reversal_suspected;relationship_direction_instability,True,direction_specific,0.20027263356813213,available,step9_transfer_metrics
bejis_2022,manavgat_2021,baseline,regionwise_zscore,burnable_tree_shrub_grass,20511,2935,0.2939418899397428,0.2764482967638535,0.31165514558897983,bootstrap_supported_below_chance,0.09622356084674427,0.08865751658825614,0.10361260721783899,raw_discrimination_not_supported,-0.0026132409922466904,-0.011779739696120404,0.007186992924917216,adaptation_effect_uncertain,0.8411807102607785,0.5472388203210357,0.5215685595991568,0.5742189393873527,residual_gap_remains,large_covariate_shift_detected;distribution_support_mismatch_detected;high_shift;probability_scale_shift;ranking_reversal_suspected;relationship_direction_instability,True,direction_specific,,not_preregistered_no_post_hoc_addition,step10_final_report_protocol
bejis_2022,manavgat_2021,baseline,coral_after_regionwise_zscore,burnable_tree_shrub_grass,20511,2935,0.308760513601093,0.29105391490401167,0.32648889729502956,bootstrap_supported_below_chance,0.09769011149852169,0.09025378321515216,0.10512618105872565,raw_discrimination_not_supported,0.012205382669103537,0.0011304508466121064,0.024221999337710704,adaptation_supported,0.8411807102607785,0.5324201966596854,0.5060805412598113,0.5576092731658888,residual_gap_remains,large_covariate_shift_detected;distribution_support_mismatch_detected;high_shift;probability_scale_shift;ranking_reversal_suspected;relationship_direction_instability,True,direction_specific,,not_preregistered_no_post_hoc_addition,step10_final_report_protocol
bejis_2022,manavgat_2021,thermal,raw_source_only,burnable_tree_shrub_grass,20511,2935,0.3141548720223256,0.2957115634276732,0.3316060274032394,bootstrap_supported_below_chance,0.09776772462629946,0.09026923804764307,0.10537272792103963,raw_discrimination_not_supported,,,,,,,,,,large_covariate_shift_detected;distribution_support_mismatch_detected;high_shift;probability_scale_shift;ranking_reversal_suspected;relationship_direction_instability,True,direction_specific,0.17422225515795853,available,step9_transfer_metrics
bejis_2022,manavgat_2021,thermal,regionwise_zscore,burnable_tree_shrub_grass,20511,2935,0.30211173436907535,0.2824061971697872,0.32252761803717045,bootstrap_supported_below_chance,0.10221813820008911,0.0936562415701978,0.11128978357546337,raw_discrimination_not_supported,-0.012043137653250269,-0.02625758765001493,0.0027455655726858048,adaptation_effect_uncertain,0.90807357717935,0.6059618428102747,0.5797555807914097,0.6317520769409388,residual_gap_remains,large_covariate_shift_detected;distribution_support_mismatch_detected;high_shift;probability_scale_shift;ranking_reversal_suspected;relationship_direction_instability,True,direction_specific,,not_preregistered_no_post_hoc_addition,step10_final_report_protocol
bejis_2022,manavgat_2021,thermal,coral_after_regionwise_zscore,burnable_tree_shrub_grass,20511,2935,0.40574850791578104,0.38755614205659855,0.42311087922659296,bootstrap_supported_below_chance,0.11596047477410229,0.10708486312298865,0.12511905323646258,raw_discrimination_not_supported,0.09159363589345543,0.07282540670560005,0.11040332698168978,adaptation_supported,0.90807357717935,0.502325069263569,0.48220649809769206,0.5237814864714923,residual_gap_remains,large_covariate_shift_detected;distribution_support_mismatch_detected;high_shift;probability_scale_shift;ranking_reversal_suspected;relationship_direction_instability,True,direction_specific,,not_preregistered_no_post_hoc_addition,step10_final_report_protocol
manavgat_2021,bejis_2022,baseline,raw_source_only,burnable_tree_shrub_grass,15190,1100,0.37069117362410486,0.3478759510962382,0.3928717868755974,bootstrap_supported_below_chance,0.052010675967464864,0.04629209433258033,0.05861556618247069,raw_discrimination_not_supported,,,,,,,,,,large_covariate_shift_detected;distribution_support_mismatch_detected;high_shift;probability_scale_shift;ranking_reversal_suspected;relationship_direction_instability,True,direction_specific,0.15951819321725308,available,step9_transfer_metrics
manavgat_2021,bejis_2022,baseline,regionwise_zscore,burnable_tree_shrub_grass,15190,1100,0.38499890315504226,0.35867800696723945,0.408906810346338,bootstrap_supported_below_chance,0.053222400830550534,0.0468432791210631,0.05988862787759578,raw_discrimination_not_supported,0.014307729530937396,-0.0003765269897350126,0.02803445980847412,adaptation_effect_uncertain,0.8616776566230079,0.4766787534679656,0.44648013528601155,0.5088064235665279,residual_gap_remains,large_covariate_shift_detected;distribution_support_mismatch_detected;high_shift;probability_scale_shift;ranking_reversal_suspected;relationship_direction_instability,True,direction_specific,,not_preregistered_no_post_hoc_addition,step10_final_report_protocol
manavgat_2021,bejis_2022,baseline,coral_after_regionwise_zscore,burnable_tree_shrub_grass,15190,1100,0.38537118523775726,0.3583843318579822,0.4094411093977446,bootstrap_supported_below_chance,0.05329149935166093,0.04690323487443879,0.06015210263193764,raw_discrimination_not_supported,0.0146800116136524,-0.0031268725059798415,0.03121023802481615,adaptation_effect_uncertain,0.8616776566230079,0.4763064713852506,0.44548646197876896,0.5074955606609132,residual_gap_remains,large_covariate_shift_detected;distribution_support_mismatch_detected;high_shift;probability_scale_shift;ranking_reversal_suspected;relationship_direction_instability,True,direction_specific,,not_preregistered_no_post_hoc_addition,step10_final_report_protocol
manavgat_2021,bejis_2022,thermal,raw_source_only,burnable_tree_shrub_grass,15190,1100,0.3964026711400735,0.3725380745561713,0.4219023718773863,bootstrap_supported_below_chance,0.05417448341892161,0.04817102254559621,0.06106302118813285,raw_discrimination_not_supported,,,,,,,,,,large_covariate_shift_detected;distribution_support_mismatch_detected;high_shift;probability_scale_shift;ranking_reversal_suspected;relationship_direction_instability,True,direction_specific,0.1381497524851594,available,step9_transfer_metrics
manavgat_2021,bejis_2022,thermal,regionwise_zscore,burnable_tree_shrub_grass,15190,1100,0.45040221949803216,0.42252294293059467,0.47650311008000257,bootstrap_supported_below_chance,0.059628522204261555,0.052704940513290825,0.06746729225260818,raw_discrimination_not_supported,0.05399954835795867,0.03315925718543829,0.07396519737470862,adaptation_supported,0.9178110845861024,0.4674088650880702,0.441477810411259,0.49604782221736465,residual_gap_remains,large_covariate_shift_detected;distribution_support_mismatch_detected;high_shift;probability_scale_shift;ranking_reversal_suspected;relationship_direction_instability,True,direction_specific,,not_preregistered_no_post_hoc_addition,step10_final_report_protocol
manavgat_2021,bejis_2022,thermal,coral_after_regionwise_zscore,burnable_tree_shrub_grass,15190,1100,0.46684737725014513,0.4407173741413762,0.49146908817589513,bootstrap_supported_below_chance,0.061554744732753935,0.05445276181309215,0.06982386217683322,raw_discrimination_not_supported,0.07044470611007164,0.04714662887922972,0.09216368553764236,adaptation_supported,0.9178110845861024,0.45096370733595725,0.424406517966414,0.4782049214528771,residual_gap_remains,large_covariate_shift_detected;distribution_support_mismatch_detected;high_shift;probability_scale_shift;ranking_reversal_suspected;relationship_direction_instability,True,direction_specific,,not_preregistered_no_post_hoc_addition,step10_final_report_protocol
bejis_2022,montiferru_2021,baseline,raw_source_only,burnable_tree_shrub_grass,2544,539,0.5530357779021833,0.5156477602808358,0.5956459653532006,bootstrap_supported_above_chance,0.22698718507235782,0.19132273847675765,0.2678417488560292,raw_roc_and_pr_supported,,,,,,,,,,large_covariate_shift_detected;distribution_support_mismatch_detected;high_shift;probability_scale_shift;relationship_direction_instability,False,direction_specific,0.19977635078363223,available,step9_transfer_metrics
bejis_2022,montiferru_2021,baseline,regionwise_zscore,burnable_tree_shrub_grass,2544,539,0.536642160831687,0.4912044107232755,0.5842645864865014,chance_level_not_excluded,0.23929814515687087,0.19707170144420338,0.28885928468393357,raw_roc_and_pr_supported,-0.016393617070496247,-0.0618253286082095,0.030888951760491744,adaptation_effect_uncertain,0.7811972850804343,0.24455512424874726,0.19276400902588428,0.29389609921747967,residual_gap_remains,large_covariate_shift_detected;distribution_support_mismatch_detected;high_shift;probability_scale_shift;relationship_direction_instability,False,direction_specific,,not_preregistered_no_post_hoc_addition,step10_final_report_protocol
bejis_2022,montiferru_2021,baseline,coral_after_regionwise_zscore,burnable_tree_shrub_grass,2544,539,0.557180333026432,0.511688263422548,0.6032333181397066,bootstrap_supported_above_chance,0.24700288632105782,0.20446879418602765,0.29738646123288404,raw_roc_and_pr_supported,0.004144555124248717,-0.03986076597966621,0.04728256317573414,adaptation_effect_uncertain,0.7811972850804343,0.2240169520540023,0.1753442659454459,0.2711724658004311,residual_gap_remains,large_covariate_shift_detected;distribution_support_mismatch_detected;high_shift;probability_scale_shift;relationship_direction_instability,False,direction_specific,,not_preregistered_no_post_hoc_addition,step10_final_report_protocol
bejis_2022,montiferru_2021,thermal,raw_source_only,burnable_tree_shrub_grass,2544,539,0.5937253341599618,0.5599207417498522,0.6305896470126982,bootstrap_supported_above_chance,0.28874094281489027,0.235999998884532,0.3487982103417781,raw_roc_and_pr_supported,,,,,,,,,,large_covariate_shift_detected;distribution_support_mismatch_detected;high_shift;probability_scale_shift;relationship_direction_instability,False,direction_specific,0.1709912662476832,available,step9_transfer_metrics
bejis_2022,montiferru_2021,thermal,regionwise_zscore,burnable_tree_shrub_grass,2544,539,0.5495051795372422,0.49977035550202475,0.6008547538204455,chance_level_not_excluded,0.2540425162902778,0.20843099232188864,0.30977937836768643,raw_roc_and_pr_supported,-0.044220154622719554,-0.09639771875081729,0.011203819532510609,adaptation_effect_uncertain,0.8826347859479317,0.33312960641068945,0.2812453831817153,0.3819132824136839,residual_gap_remains,large_covariate_shift_detected;distribution_support_mismatch_detected;high_shift;probability_scale_shift;relationship_direction_instability,False,direction_specific,,not_preregistered_no_post_hoc_addition,step10_final_report_protocol
bejis_2022,montiferru_2021,thermal,coral_after_regionwise_zscore,burnable_tree_shrub_grass,2544,539,0.5739649022157038,0.5299856732461299,0.6206741289102083,bootstrap_supported_above_chance,0.2972916197493216,0.24082560318826687,0.3565887531560864,raw_roc_and_pr_supported,-0.019760431944257917,-0.06848836722641623,0.02704278839448812,adaptation_effect_uncertain,0.8826347859479317,0.3086698837322278,0.26049287648394426,0.35584382636675455,residual_gap_remains,large_covariate_shift_detected;distribution_support_mismatch_detected;high_shift;probability_scale_shift;relationship_direction_instability,False,direction_specific,,not_preregistered_no_post_hoc_addition,step10_final_report_protocol
montiferru_2021,bejis_2022,baseline,raw_source_only,burnable_tree_shrub_grass,15190,1100,0.6126267823730563,0.5872554258748676,0.6394773192550581,bootstrap_supported_above_chance,0.11367518379586421,0.0943277675126874,0.1395413693376682,raw_roc_and_pr_supported,,,,,,,,,,large_covariate_shift_detected;distribution_support_mismatch_detected;high_shift;probability_scale_shift;relationship_direction_instability,False,direction_specific,0.35507960790060134,available,step9_transfer_metrics
montiferru_2021,bejis_2022,baseline,regionwise_zscore,burnable_tree_shrub_grass,15190,1100,0.590360184528034,0.5689359657748891,0.6095504563608694,bootstrap_supported_above_chance,0.08413477771595762,0.07419429388586102,0.09527124744257696,raw_roc_and_pr_supported,-0.022266597845022384,-0.04909399840141293,0.0011583875482833025,adaptation_effect_uncertain,0.8616776566230079,0.2713174720949739,0.24733667855553412,0.29821493347430145,residual_gap_remains,large_covariate_shift_detected;distribution_support_mismatch_detected;high_shift;probability_scale_shift;relationship_direction_instability,False,direction_specific,,not_preregistered_no_post_hoc_addition,step10_final_report_protocol
montiferru_2021,bejis_2022,baseline,coral_after_regionwise_zscore,burnable_tree_shrub_grass,15190,1100,0.5852029485773276,0.5612138324237973,0.6066705166312283,bootstrap_supported_above_chance,0.08214538759373048,0.07234960109917475,0.09323975575282589,raw_roc_and_pr_supported,-0.02742383379572877,-0.05888299838541314,0.0010310782740356318,adaptation_effect_uncertain,0.8616776566230079,0.2764747080456803,0.2517969267637981,0.30359752859033917,residual_gap_remains,large_covariate_shift_detected;distribution_support_mismatch_detected;high_shift;probability_scale_shift;relationship_direction_instability,False,direction_specific,,not_preregistered_no_post_hoc_addition,step10_final_report_protocol
montiferru_2021,bejis_2022,thermal,raw_source_only,burnable_tree_shrub_grass,15190,1100,0.5483011162010453,0.5209528316649221,0.5781810365217555,bootstrap_supported_above_chance,0.09285102514616964,0.0771592840133878,0.11471143462088851,raw_roc_and_pr_supported,,,,,,,,,,large_covariate_shift_detected;distribution_support_mismatch_detected;high_shift;probability_scale_shift;relationship_direction_instability,False,direction_specific,0.20964421790335444,available,step9_transfer_metrics
montiferru_2021,bejis_2022,thermal,regionwise_zscore,burnable_tree_shrub_grass,15190,1100,0.5737406929479322,0.5516607198105777,0.5963573577951428,bootstrap_supported_above_chance,0.08169870349416208,0.07203500943078613,0.09268438300897164,raw_roc_and_pr_supported,0.025439576746886905,-0.0008621142902541622,0.04859540047214228,adaptation_effect_uncertain,0.9178110845861024,0.3440703916381702,0.3200263925123567,0.36910914959493835,residual_gap_remains,large_covariate_shift_detected;distribution_support_mismatch_detected;high_shift;probability_scale_shift;relationship_direction_instability,False,direction_specific,,not_preregistered_no_post_hoc_addition,step10_final_report_protocol
montiferru_2021,bejis_2022,thermal,coral_after_regionwise_zscore,burnable_tree_shrub_grass,15190,1100,0.5689084457061746,0.5475899914764071,0.5909137420178239,bootstrap_supported_above_chance,0.0804576841011413,0.07054149428217713,0.09184742060632142,raw_roc_and_pr_supported,0.020607329505129335,-0.008152099320620458,0.045244013318512785,adaptation_effect_uncertain,0.9178110845861024,0.3489026388799278,0.32215192912473717,0.372941389754765,residual_gap_remains,large_covariate_shift_detected;distribution_support_mismatch_detected;high_shift;probability_scale_shift;relationship_direction_instability,False,direction_specific,,not_preregistered_no_post_hoc_addition,step10_final_report_protocol
bejis_2022,mugla_2021,baseline,raw_source_only,burnable_tree_shrub_grass,41730,2911,0.5922389997163681,0.5744073247287705,0.6089843455527543,bootstrap_supported_above_chance,0.09363146544008288,0.08466576674663197,0.10398344291106094,raw_roc_and_pr_supported,,,,,,,,,,large_covariate_shift_detected;distribution_support_mismatch_detected;high_shift;probability_scale_shift;relationship_direction_instability,False,direction_specific,0.08987774657814872,available,step9_transfer_metrics
bejis_2022,mugla_2021,baseline,regionwise_zscore,burnable_tree_shrub_grass,41730,2911,0.5649705351959404,0.5478618587706711,0.5812175006640783,bootstrap_supported_above_chance,0.08194563197847066,0.07466463459587834,0.09003583260054931,raw_roc_and_pr_supported,-0.027268464520427638,-0.04551338378508227,-0.00957357307824532,adaptation_degraded_transfer,0.7433200295403336,0.17834949434439318,0.1593455476906805,0.1964121533977941,residual_gap_remains,large_covariate_shift_detected;distribution_support_mismatch_detected;high_shift;probability_scale_shift;relationship_direction_instability,False,direction_specific,,not_preregistered_no_post_hoc_addition,step10_final_report_protocol
bejis_2022,mugla_2021,baseline,coral_after_regionwise_zscore,burnable_tree_shrub_grass,41730,2911,0.5701682656206,0.5533610367253833,0.5864502743013172,bootstrap_supported_above_chance,0.0835876596838193,0.07599486018353271,0.09219397191954122,raw_roc_and_pr_supported,-0.022070734095768096,-0.0390344917815329,-0.005626792130164209,adaptation_degraded_transfer,0.7433200295403336,0.17315176391973364,0.1547066401467052,0.1905089381092415,residual_gap_remains,large_covariate_shift_detected;distribution_support_mismatch_detected;high_shift;probability_scale_shift;relationship_direction_instability,False,direction_specific,,not_preregistered_no_post_hoc_addition,step10_final_report_protocol
bejis_2022,mugla_2021,thermal,raw_source_only,burnable_tree_shrub_grass,41730,2911,0.6184747489978262,0.6007719815536623,0.6345509090127365,bootstrap_supported_above_chance,0.09253859122869844,0.0845728668968239,0.10156456114018891,raw_roc_and_pr_supported,,,,,,,,,,large_covariate_shift_detected;distribution_support_mismatch_detected;high_shift;probability_scale_shift;relationship_direction_instability,False,direction_specific,0.07892590354146907,available,step9_transfer_metrics
bejis_2022,mugla_2021,thermal,regionwise_zscore,burnable_tree_shrub_grass,41730,2911,0.5177332840752557,0.5012550025897887,0.5352596621204385,bootstrap_supported_above_chance,0.06882390345452313,0.06352915499477547,0.07465714936827637,raw_roc_and_pr_supported,-0.10074146492257052,-0.11836157935932051,-0.08324667950300661,adaptation_degraded_transfer,0.8589830389802724,0.34124975490501674,0.3230480667273257,0.35957223032802227,residual_gap_remains,large_covariate_shift_detected;distribution_support_mismatch_detected;high_shift;probability_scale_shift;relationship_direction_instability,False,direction_specific,,not_preregistered_no_post_hoc_addition,step10_final_report_protocol
bejis_2022,mugla_2021,thermal,coral_after_regionwise_zscore,burnable_tree_shrub_grass,41730,2911,0.5066377964680288,0.4893203960731929,0.5241975570805645,chance_level_not_excluded,0.06907238999142255,0.06351290420530657,0.0749279641038294,raw_roc_and_pr_supported,-0.11183695252979742,-0.1306395364622591,-0.09269448092031152,adaptation_degraded_transfer,0.8589830389802724,0.35234524251224364,0.33330748326821,0.3720345024675976,residual_gap_remains,large_covariate_shift_detected;distribution_support_mismatch_detected;high_shift;probability_scale_shift;relationship_direction_instability,False,direction_specific,,not_preregistered_no_post_hoc_addition,step10_final_report_protocol
mugla_2021,bejis_2022,baseline,raw_source_only,burnable_tree_shrub_grass,15190,1100,0.4507383379572875,0.42501350278665395,0.4751079247909861,bootstrap_supported_below_chance,0.06416586588786181,0.05581853791463857,0.07391345771851175,raw_discrimination_not_supported,,,,,,,,,,large_covariate_shift_detected;distribution_support_mismatch_detected;high_shift;probability_scale_shift;relationship_direction_instability,False,direction_specific,0.13096665141263947,available,step9_transfer_metrics
mugla_2021,bejis_2022,baseline,regionwise_zscore,burnable_tree_shrub_grass,15190,1100,0.573885605522937,0.5460276410544633,0.5993454157941586,bootstrap_supported_above_chance,0.08524074242544247,0.07429035104465181,0.09728905992715318,raw_discrimination_not_supported,0.12314726756564948,0.08916966127282683,0.15539397159419607,adaptation_supported,0.8616776566230079,0.2877920511000709,0.2609246849799796,0.31904424851331725,residual_gap_remains,large_covariate_shift_detected;distribution_support_mismatch_detected;high_shift;probability_scale_shift;relationship_direction_instability,False,direction_specific,,not_preregistered_no_post_hoc_addition,step10_final_report_protocol
mugla_2021,bejis_2022,baseline,coral_after_regionwise_zscore,burnable_tree_shrub_grass,15190,1100,0.6087499838699271,0.5811961217370522,0.6318741920473697,bootstrap_supported_above_chance,0.09560302736750559,0.08277576900755991,0.1097935349033282,raw_discrimination_not_supported,0.15801164591263955,0.12475241434251956,0.18942213852417158,adaptation_supported,0.8616776566230079,0.2529276727530808,0.2274118346477934,0.2825711546120065,residual_gap_remains,large_covariate_shift_detected;distribution_support_mismatch_detected;high_shift;probability_scale_shift;relationship_direction_instability,False,direction_specific,,not_preregistered_no_post_hoc_addition,step10_final_report_protocol
mugla_2021,bejis_2022,thermal,raw_source_only,burnable_tree_shrub_grass,15190,1100,0.5831912381443964,0.5606654572640564,0.6073082468046294,bootstrap_supported_above_chance,0.08827191688193281,0.07678634027602643,0.1023369929900934,raw_roc_and_pr_supported,,,,,,,,,,large_covariate_shift_detected;distribution_support_mismatch_detected;high_shift;probability_scale_shift;relationship_direction_instability,False,direction_specific,0.11079303395449873,available,step9_transfer_metrics
mugla_2021,bejis_2022,thermal,regionwise_zscore,burnable_tree_shrub_grass,15190,1100,0.5352625975869411,0.5124544199791791,0.5566333055543582,bootstrap_supported_above_chance,0.07218470691293462,0.06389721562413271,0.08188584294288359,raw_roc_and_pr_supported,-0.04792864055745538,-0.07644563470906497,-0.02042224279991708,adaptation_degraded_transfer,0.9178110845861024,0.38254848699916133,0.3594661799148364,0.4059648635056429,residual_gap_remains,large_covariate_shift_detected;distribution_support_mismatch_detected;high_shift;probability_scale_shift;relationship_direction_instability,False,direction_specific,,not_preregistered_no_post_hoc_addition,step10_final_report_protocol
mugla_2021,bejis_2022,thermal,coral_after_regionwise_zscore,burnable_tree_shrub_grass,15190,1100,0.560332344022195,0.537746956824107,0.5809565791531939,bootstrap_supported_above_chance,0.0779051864706781,0.06866797021174889,0.08865025604564898,raw_roc_and_pr_supported,-0.022858894122201434,-0.05181970987924267,0.003598666666129796,adaptation_effect_uncertain,0.9178110845861024,0.3574787405639074,0.33486986229352783,0.37991615393084754,residual_gap_remains,large_covariate_shift_detected;distribution_support_mismatch_detected;high_shift;probability_scale_shift;relationship_direction_instability,False,direction_specific,,not_preregistered_no_post_hoc_addition,step10_final_report_protocol
evia_2021_extended,manavgat_2021,baseline,raw_source_only,burnable_tree_shrub_grass,20511,2935,0.7273654778585326,0.711462335803398,0.7432359984950387,bootstrap_supported_above_chance,0.29184880895484727,0.2686766393049238,0.31831733736490514,raw_roc_and_pr_supported,,,,,,,,,,large_covariate_shift_detected;high_shift;probability_scale_shift;relationship_direction_instability,False,direction_specific,0.1298894115987032,available,step9_transfer_metrics
evia_2021_extended,manavgat_2021,baseline,regionwise_zscore,burnable_tree_shrub_grass,20511,2935,0.562074532097742,0.5488717007917147,0.5756027706138565,bootstrap_supported_above_chance,0.14949233841660908,0.13862090047114461,0.1604979594154272,raw_roc_and_pr_supported,-0.1652909457607905,-0.18458711304179204,-0.14498687024511595,adaptation_degraded_transfer,0.8411807102607785,0.2791061781630364,0.2613423486436523,0.2965348807320614,residual_gap_remains,large_covariate_shift_detected;high_shift;probability_scale_shift;relationship_direction_instability,False,direction_specific,,not_preregistered_no_post_hoc_addition,step10_final_report_protocol
evia_2021_extended,manavgat_2021,baseline,coral_after_regionwise_zscore,burnable_tree_shrub_grass,20511,2935,0.5355900081340592,0.5213807886912132,0.551115332470705,bootstrap_supported_above_chance,0.14385415117680045,0.13315031747296835,0.15463268305218286,raw_roc_and_pr_supported,-0.19177546972447335,-0.21093907164335743,-0.1710884254690541,adaptation_degraded_transfer,0.8411807102607785,0.30559070212671924,0.2862601487593175,0.32470178082122264,residual_gap_remains,large_covariate_shift_detected;high_shift;probability_scale_shift;relationship_direction_instability,False,direction_specific,,not_preregistered_no_post_hoc_addition,step10_final_report_protocol
evia_2021_extended,manavgat_2021,thermal,raw_source_only,burnable_tree_shrub_grass,20511,2935,0.6768829881850658,0.658331739396282,0.6972678207893488,bootstrap_supported_above_chance,0.32088833865905136,0.2950486854214439,0.35110721933986216,raw_roc_and_pr_supported,,,,,,,,,,large_covariate_shift_detected;high_shift;probability_scale_shift;relationship_direction_instability,False,direction_specific,0.11784650562250447,available,step9_transfer_metrics
evia_2021_extended,manavgat_2021,thermal,regionwise_zscore,burnable_tree_shrub_grass,20511,2935,0.4035196186684801,0.3855432301066274,0.42117686321018744,bootstrap_supported_below_chance,0.11090947091428728,0.1023971568854748,0.11907196665504557,raw_roc_and_pr_supported,-0.2733633695165857,-0.29222282853390313,-0.25540312985058794,adaptation_degraded_transfer,0.90807357717935,0.5045539585108699,0.48284791607924343,0.5254515142052003,residual_gap_remains,large_covariate_shift_detected;high_shift;probability_scale_shift;relationship_direction_instability,False,direction_specific,,not_preregistered_no_post_hoc_addition,step10_final_report_protocol
evia_2021_extended,manavgat_2021,thermal,coral_after_regionwise_zscore,burnable_tree_shrub_grass,20511,2935,0.4165194290805412,0.3992731300474425,0.4347980832759316,bootstrap_supported_below_chance,0.11377590411774852,0.10483479776142211,0.1219652082667231,raw_roc_and_pr_supported,-0.2603635591045246,-0.27814711472355297,-0.24331295640696612,adaptation_degraded_transfer,0.90807357717935,0.4915541480988088,0.47017334075666506,0.5128682627921267,residual_gap_remains,large_covariate_shift_detected;high_shift;probability_scale_shift;relationship_direction_instability,False,direction_specific,,not_preregistered_no_post_hoc_addition,step10_final_report_protocol
manavgat_2021,evia_2021_extended,baseline,raw_source_only,burnable_tree_shrub_grass,9298,2664,0.6225921429418566,0.6030000337861765,0.643320635046776,bootstrap_supported_above_chance,0.36835056989917536,0.342405218110682,0.39595141906526526,raw_roc_and_pr_supported,,,,,,,,,,large_covariate_shift_detected;high_shift;probability_scale_shift;relationship_direction_instability,False,direction_specific,0.27116895302561733,available,step9_transfer_metrics
manavgat_2021,evia_2021_extended,baseline,regionwise_zscore,burnable_tree_shrub_grass,9298,2664,0.5297370403264283,0.5071537827865383,0.5538009835747506,bootstrap_supported_above_chance,0.30660590911623903,0.28283088487584285,0.33326515884953706,raw_roc_and_pr_supported,-0.09285510261542829,-0.11374655201961605,-0.07212391129942658,adaptation_degraded_transfer,0.7589523122760988,0.2292152719496705,0.2012997381158681,0.259529650344446,residual_gap_remains,large_covariate_shift_detected;high_shift;probability_scale_shift;relationship_direction_instability,False,direction_specific,,not_preregistered_no_post_hoc_addition,step10_final_report_protocol
manavgat_2021,evia_2021_extended,baseline,coral_after_regionwise_zscore,burnable_tree_shrub_grass,9298,2664,0.5519671106892241,0.5284597212493386,0.5758530138552554,bootstrap_supported_above_chance,0.324167149363051,0.2982254178956961,0.3517198948953824,raw_roc_and_pr_supported,-0.0706250322526325,-0.09173639902079277,-0.04826528980468506,adaptation_degraded_transfer,0.7589523122760988,0.20698520158687472,0.1791028468202427,0.2357383349507138,residual_gap_remains,large_covariate_shift_detected;high_shift;probability_scale_shift;relationship_direction_instability,False,direction_specific,,not_preregistered_no_post_hoc_addition,step10_final_report_protocol
manavgat_2021,evia_2021_extended,thermal,raw_source_only,burnable_tree_shrub_grass,9298,2664,0.6540092625033838,0.6331866094363996,0.6762614442736252,bootstrap_supported_above_chance,0.4065333593047762,0.37605883977183263,0.4386122480965639,raw_roc_and_pr_supported,,,,,,,,,,large_covariate_shift_detected;high_shift;probability_scale_shift;relationship_direction_instability,False,direction_specific,0.2628962479212862,available,step9_transfer_metrics
manavgat_2021,evia_2021_extended,thermal,regionwise_zscore,burnable_tree_shrub_grass,9298,2664,0.5291373959880894,0.5044222163870348,0.5531388080036106,bootstrap_supported_above_chance,0.3199569292475066,0.2923723194398674,0.3488359459899897,raw_roc_and_pr_supported,-0.12487186651529436,-0.13971062566467152,-0.10923594991337847,adaptation_degraded_transfer,0.9122372202621674,0.38309982427407796,0.35704187041770086,0.41037985921021214,residual_gap_remains,large_covariate_shift_detected;high_shift;probability_scale_shift;relationship_direction_instability,False,direction_specific,,not_preregistered_no_post_hoc_addition,step10_final_report_protocol
manavgat_2021,evia_2021_extended,thermal,coral_after_regionwise_zscore,burnable_tree_shrub_grass,9298,2664,0.5043160812304617,0.4805021698125317,0.5281874378330395,chance_level_not_excluded,0.30305612865277487,0.27801251350312306,0.3297302565186961,raw_roc_and_pr_supported,-0.14969318127292208,-0.16646984847738425,-0.13340967997024933,adaptation_degraded_transfer,0.9122372202621674,0.4079211390317057,0.38140815892340973,0.4345605533886307,residual_gap_remains,large_covariate_shift_detected;high_shift;probability_scale_shift;relationship_direction_instability,False,direction_specific,,not_preregistered_no_post_hoc_addition,step10_final_report_protocol
evia_2021_extended,montiferru_2021,baseline,raw_source_only,burnable_tree_shrub_grass,2544,539,0.5494242131221113,0.5124112445618861,0.5899330148393352,bootstrap_supported_above_chance,0.25786601392099906,0.21592833638881095,0.3034415538831641,raw_roc_and_pr_supported,,,,,,,,,,large_covariate_shift_detected;distribution_support_mismatch_detected;high_shift;probability_scale_shift;relationship_direction_instability,False,direction_specific,0.2436407944561693,available,step9_transfer_metrics
evia_2021_extended,montiferru_2021,baseline,regionwise_zscore,burnable_tree_shrub_grass,2544,539,0.5194629382018053,0.4791979563478967,0.5603657912433049,chance_level_not_excluded,0.22451495571798052,0.19073422876948162,0.2618904159156886,raw_roc_and_pr_supported,-0.02996127492030598,-0.08426251987219394,0.028150140987317777,adaptation_effect_uncertain,0.7811972850804343,0.26173434687862895,0.20875925397216438,0.3115236325736748,residual_gap_remains,large_covariate_shift_detected;distribution_support_mismatch_detected;high_shift;probability_scale_shift;relationship_direction_instability,False,direction_specific,,not_preregistered_no_post_hoc_addition,step10_final_report_protocol
evia_2021_extended,montiferru_2021,baseline,coral_after_regionwise_zscore,burnable_tree_shrub_grass,2544,539,0.5188013269238777,0.4782035190605931,0.5597801279343003,chance_level_not_excluded,0.23133401221207267,0.1971437123376982,0.2700954979751015,raw_roc_and_pr_supported,-0.030622886198233612,-0.08949119937552771,0.028469812002693065,adaptation_effect_uncertain,0.7811972850804343,0.2623959581565566,0.20788315322855114,0.31308183401786854,residual_gap_remains,large_covariate_shift_detected;distribution_support_mismatch_detected;high_shift;probability_scale_shift;relationship_direction_instability,False,direction_specific,,not_preregistered_no_post_hoc_addition,step10_final_report_protocol
evia_2021_extended,montiferru_2021,thermal,raw_source_only,burnable_tree_shrub_grass,2544,539,0.6467042042389389,0.6076923033613082,0.6823574673192492,bootstrap_supported_above_chance,0.2829027511086257,0.23928644932833287,0.3313673566232759,raw_roc_and_pr_supported,,,,,,,,,,large_covariate_shift_detected;distribution_support_mismatch_detected;high_shift;probability_scale_shift;relationship_direction_instability,False,direction_specific,0.17500358576653774,available,step9_transfer_metrics
evia_2021_extended,montiferru_2021,thermal,regionwise_zscore,burnable_tree_shrub_grass,2544,539,0.5676115832866812,0.527835991770352,0.6085431314591581,bootstrap_supported_above_chance,0.23633483418520781,0.2007858422391352,0.27662065874574876,raw_roc_and_pr_supported,-0.07909262095225778,-0.11899164233596697,-0.0421062318395829,adaptation_degraded_transfer,0.8826347859479317,0.3150232026612505,0.2708861955411318,0.3609210365831191,residual_gap_remains,large_covariate_shift_detected;distribution_support_mismatch_detected;high_shift;probability_scale_shift;relationship_direction_instability,False,direction_specific,,not_preregistered_no_post_hoc_addition,step10_final_report_protocol
evia_2021_extended,montiferru_2021,thermal,coral_after_regionwise_zscore,burnable_tree_shrub_grass,2544,539,0.5814674815743572,0.5392032021202131,0.6234716065110919,bootstrap_supported_above_chance,0.23809602559935178,0.20172639261025435,0.2787344606435681,raw_roc_and_pr_supported,-0.06523672266458169,-0.10300686367344172,-0.027816503604526005,adaptation_degraded_transfer,0.8826347859479317,0.3011673043735744,0.25516464650684945,0.3478901090743927,residual_gap_remains,large_covariate_shift_detected;distribution_support_mismatch_detected;high_shift;probability_scale_shift;relationship_direction_instability,False,direction_specific,,not_preregistered_no_post_hoc_addition,step10_final_report_protocol
montiferru_2021,evia_2021_extended,baseline,raw_source_only,burnable_tree_shrub_grass,9298,2664,0.5564241132902574,0.5376255794735346,0.576027684629921,bootstrap_supported_above_chance,0.29606068088557547,0.27457391102672335,0.3182573257287597,raw_roc_and_pr_supported,,,,,,,,,,large_covariate_shift_detected;distribution_support_mismatch_detected;high_shift;probability_scale_shift;relationship_direction_instability,False,direction_specific,0.25510637169259426,available,step9_transfer_metrics
montiferru_2021,evia_2021_extended,baseline,regionwise_zscore,burnable_tree_shrub_grass,9298,2664,0.5769329398738503,0.5580556631232996,0.5951330195476806,bootstrap_supported_above_chance,0.3109524269698739,0.2890394782144066,0.3344929369341824,raw_roc_and_pr_supported,0.020508826583592876,-0.0029307262118358837,0.043322818918556445,adaptation_effect_uncertain,0.7589523122760988,0.18201937240224852,0.16172674547514254,0.20391835263031632,residual_gap_remains,large_covariate_shift_detected;distribution_support_mismatch_detected;high_shift;probability_scale_shift;relationship_direction_instability,False,direction_specific,,not_preregistered_no_post_hoc_addition,step10_final_report_protocol
montiferru_2021,evia_2021_extended,baseline,coral_after_regionwise_zscore,burnable_tree_shrub_grass,9298,2664,0.5502879650829606,0.53138782639047,0.5701573798934413,bootstrap_supported_above_chance,0.29375175306068646,0.27358770622193634,0.31611496525238003,raw_roc_and_pr_supported,-0.006136148207296799,-0.03206270715362575,0.019365965248695733,adaptation_effect_uncertain,0.7589523122760988,0.2086643471931382,0.18579211100798787,0.23354918490450324,residual_gap_remains,large_covariate_shift_detected;distribution_support_mismatch_detected;high_shift;probability_scale_shift;relationship_direction_instability,False,direction_specific,,not_preregistered_no_post_hoc_addition,step10_final_report_protocol
montiferru_2021,evia_2021_extended,thermal,raw_source_only,burnable_tree_shrub_grass,9298,2664,0.5861929535806533,0.5651484545459279,0.6060253882475715,bootstrap_supported_above_chance,0.31707825794461764,0.2930494602497059,0.34128462148847116,raw_roc_and_pr_supported,,,,,,,,,,large_covariate_shift_detected;distribution_support_mismatch_detected;high_shift;probability_scale_shift;relationship_direction_instability,False,direction_specific,0.2271852365391578,available,step9_transfer_metrics
montiferru_2021,evia_2021_extended,thermal,regionwise_zscore,burnable_tree_shrub_grass,9298,2664,0.6304455740787516,0.6112140564678675,0.6490369448062729,bootstrap_supported_above_chance,0.32985840635424135,0.3083015419437573,0.35462857538496,raw_roc_and_pr_supported,0.044252620498098305,0.027069847376808127,0.061833852452543595,adaptation_supported,0.9122372202621674,0.2817916461834158,0.26303006057993567,0.30146104660798284,residual_gap_remains,large_covariate_shift_detected;distribution_support_mismatch_detected;high_shift;probability_scale_shift;relationship_direction_instability,False,direction_specific,,not_preregistered_no_post_hoc_addition,step10_final_report_protocol
montiferru_2021,evia_2021_extended,thermal,coral_after_regionwise_zscore,burnable_tree_shrub_grass,9298,2664,0.6238898304394234,0.6048135928730249,0.641359628323993,bootstrap_supported_above_chance,0.3255290121904344,0.30331183030898695,0.35030695413668517,raw_roc_and_pr_supported,0.0376968768587701,0.016530058941540075,0.05882964734461134,adaptation_supported,0.9122372202621674,0.288347389822744,0.2705335003340222,0.3070809433605341,residual_gap_remains,large_covariate_shift_detected;distribution_support_mismatch_detected;high_shift;probability_scale_shift;relationship_direction_instability,False,direction_specific,,not_preregistered_no_post_hoc_addition,step10_final_report_protocol
evia_2021_extended,mugla_2021,baseline,raw_source_only,burnable_tree_shrub_grass,41730,2911,0.5125008330596732,0.49120462540866555,0.5320623140941606,chance_level_not_excluded,0.0816148991849096,0.07371398144139037,0.09085573943815818,raw_discrimination_not_supported,,,,,,,,,,large_covariate_shift_detected;distribution_support_mismatch_detected;moderate_shift;probability_scale_shift;relationship_direction_instability,False,direction_specific,0.14952096157859787,available,step9_transfer_metrics
evia_2021_extended,mugla_2021,baseline,regionwise_zscore,burnable_tree_shrub_grass,41730,2911,0.49020030679250415,0.47171621760745563,0.5062106062434975,chance_level_not_excluded,0.06735732015256826,0.061469181151865,0.07338675540524184,raw_discrimination_not_supported,-0.022300526267169052,-0.04196874693384728,-0.0020094026592693205,adaptation_degraded_transfer,0.7433200295403336,0.25311972274782946,0.231859102238152,0.27751097493942967,residual_gap_remains,large_covariate_shift_detected;distribution_support_mismatch_detected;moderate_shift;probability_scale_shift;relationship_direction_instability,False,direction_specific,,not_preregistered_no_post_hoc_addition,step10_final_report_protocol
evia_2021_extended,mugla_2021,baseline,coral_after_regionwise_zscore,burnable_tree_shrub_grass,41730,2911,0.49769089265404776,0.4800665317584893,0.5138536914379345,chance_level_not_excluded,0.06940963928638907,0.06353241781331655,0.07542794087399385,raw_discrimination_not_supported,-0.014809940405625444,-0.034258496120623885,0.004350566081774235,adaptation_effect_uncertain,0.7433200295403336,0.24562913688628585,0.22494292271648775,0.27065539058556143,residual_gap_remains,large_covariate_shift_detected;distribution_support_mismatch_detected;moderate_shift;probability_scale_shift;relationship_direction_instability,False,direction_specific,,not_preregistered_no_post_hoc_addition,step10_final_report_protocol
evia_2021_extended,mugla_2021,thermal,raw_source_only,burnable_tree_shrub_grass,41730,2911,0.576836486299561,0.5597352372977346,0.5925311618284088,bootstrap_supported_above_chance,0.08561939439002765,0.07825126199944411,0.09349599579072404,raw_roc_and_pr_supported,,,,,,,,,,large_covariate_shift_detected;distribution_support_mismatch_detected;moderate_shift;probability_scale_shift;relationship_direction_instability,False,direction_specific,0.10388741110524752,available,step9_transfer_metrics
evia_2021_extended,mugla_2021,thermal,regionwise_zscore,burnable_tree_shrub_grass,41730,2911,0.5013427713990719,0.48529203907811,0.5178266905607353,chance_level_not_excluded,0.0664215647014893,0.061116173022769116,0.07212028308524354,raw_roc_and_pr_supported,-0.07549371490048906,-0.08970748566597284,-0.05990413353132378,adaptation_degraded_transfer,0.8589830389802724,0.3576402675812005,0.3374907681552999,0.3793240174030977,residual_gap_remains,large_covariate_shift_detected;distribution_support_mismatch_detected;moderate_shift;probability_scale_shift;relationship_direction_instability,False,direction_specific,,not_preregistered_no_post_hoc_addition,step10_final_report_protocol
evia_2021_extended,mugla_2021,thermal,coral_after_regionwise_zscore,burnable_tree_shrub_grass,41730,2911,0.5302390241229922,0.514515120199803,0.5463484994608052,bootstrap_supported_above_chance,0.0717027194431094,0.06594484613956664,0.07770733807594371,raw_roc_and_pr_supported,-0.046597462176568794,-0.060975556402040255,-0.032443796447372726,adaptation_degraded_transfer,0.8589830389802724,0.3287440148572802,0.30977205400663743,0.3486793320103718,residual_gap_remains,large_covariate_shift_detected;distribution_support_mismatch_detected;moderate_shift;probability_scale_shift;relationship_direction_instability,False,direction_specific,,not_preregistered_no_post_hoc_addition,step10_final_report_protocol
mugla_2021,evia_2021_extended,baseline,raw_source_only,burnable_tree_shrub_grass,9298,2664,0.5997551855443022,0.5815470194523314,0.6200975692432298,bootstrap_supported_above_chance,0.34369850447793965,0.31816449442014416,0.37173034483406675,raw_roc_and_pr_supported,,,,,,,,,,large_covariate_shift_detected;distribution_support_mismatch_detected;moderate_shift;probability_scale_shift;relationship_direction_instability,False,direction_specific,0.21868660461420494,available,step9_transfer_metrics
mugla_2021,evia_2021_extended,baseline,regionwise_zscore,burnable_tree_shrub_grass,9298,2664,0.544376397048239,0.5266899778437787,0.5629652180537331,bootstrap_supported_above_chance,0.2893900438523016,0.268787198681515,0.31136452166553913,raw_roc_and_pr_supported,-0.05537878849606315,-0.07398609447640953,-0.035650023655435896,adaptation_degraded_transfer,0.7589523122760988,0.2145759152278598,0.1931020471622498,0.23545888030126044,residual_gap_remains,large_covariate_shift_detected;distribution_support_mismatch_detected;moderate_shift;probability_scale_shift;relationship_direction_instability,False,direction_specific,,not_preregistered_no_post_hoc_addition,step10_final_report_protocol
mugla_2021,evia_2021_extended,baseline,coral_after_regionwise_zscore,burnable_tree_shrub_grass,9298,2664,0.5526286291567419,0.5344509104335459,0.5711512676778622,bootstrap_supported_above_chance,0.29705407170870424,0.2757052532885047,0.31967781444956783,raw_roc_and_pr_supported,-0.04712655638756025,-0.06545420095548406,-0.02825511003528141,adaptation_degraded_transfer,0.7589523122760988,0.2063236831193569,0.18549876915103888,0.22876401339721836,residual_gap_remains,large_covariate_shift_detected;distribution_support_mismatch_detected;moderate_shift;probability_scale_shift;relationship_direction_instability,False,direction_specific,,not_preregistered_no_post_hoc_addition,step10_final_report_protocol
mugla_2021,evia_2021_extended,thermal,raw_source_only,burnable_tree_shrub_grass,9298,2664,0.6534051763551312,0.6363728508589772,0.6713614397467457,bootstrap_supported_above_chance,0.37875246411339963,0.3498527753000058,0.4090331122089243,raw_roc_and_pr_supported,,,,,,,,,,large_covariate_shift_detected;distribution_support_mismatch_detected;moderate_shift;probability_scale_shift;relationship_direction_instability,False,direction_specific,0.20108459118081887,available,step9_transfer_metrics
mugla_2021,evia_2021_extended,thermal,regionwise_zscore,burnable_tree_shrub_grass,9298,2664,0.5613249007976924,0.5425937242083649,0.5799223988953973,bootstrap_supported_above_chance,0.2928117862149897,0.27317027791716647,0.3149321885082713,raw_roc_and_pr_supported,-0.0920802755574388,-0.11170023407528026,-0.07100783834878995,adaptation_degraded_transfer,0.9122372202621674,0.350912319464475,0.3320590884650632,0.3707705581200001,residual_gap_remains,large_covariate_shift_detected;distribution_support_mismatch_detected;moderate_shift;probability_scale_shift;relationship_direction_instability,False,direction_specific,,not_preregistered_no_post_hoc_addition,step10_final_report_protocol
mugla_2021,evia_2021_extended,thermal,coral_after_regionwise_zscore,burnable_tree_shrub_grass,9298,2664,0.5632802590803043,0.5453443768848242,0.5824200701235744,bootstrap_supported_above_chance,0.2940616170972712,0.27393476556741025,0.3157776271942127,raw_roc_and_pr_supported,-0.09012491727482685,-0.10758907051007342,-0.07216256631455056,adaptation_degraded_transfer,0.9122372202621674,0.34895696118186303,0.32954524741768604,0.36898452098583506,residual_gap_remains,large_covariate_shift_detected;distribution_support_mismatch_detected;moderate_shift;probability_scale_shift;relationship_direction_instability,False,direction_specific,,not_preregistered_no_post_hoc_addition,step10_final_report_protocol
manavgat_2021,montiferru_2021,baseline,raw_source_only,burnable_tree_shrub_grass,2544,539,0.5339859997501608,0.4940821208761321,0.5742148142526914,chance_level_not_excluded,0.22516683861700296,0.19066205705603845,0.26505382099896474,raw_discrimination_not_supported,,,,,,,,,,large_covariate_shift_detected;distribution_support_mismatch_detected;high_shift;probability_scale_shift;ranking_reversal_suspected;relationship_direction_instability,False,direction_specific,0.26318920792770456,available,step9_transfer_metrics
manavgat_2021,montiferru_2021,baseline,regionwise_zscore,burnable_tree_shrub_grass,2544,539,0.5389258764036107,0.49527156192810434,0.5781470261905801,chance_level_not_excluded,0.21385156149778944,0.1814961249879473,0.25126215091612314,raw_discrimination_not_supported,0.0049398766534498595,-0.03812612116079726,0.047700095128124675,adaptation_effect_uncertain,0.7811972850804343,0.24227140867682362,0.1925596058094297,0.2953015442255982,residual_gap_remains,large_covariate_shift_detected;distribution_support_mismatch_detected;high_shift;probability_scale_shift;ranking_reversal_suspected;relationship_direction_instability,False,direction_specific,,not_preregistered_no_post_hoc_addition,step10_final_report_protocol
manavgat_2021,montiferru_2021,baseline,coral_after_regionwise_zscore,burnable_tree_shrub_grass,2544,539,0.5223013893836836,0.4795032523583147,0.5628548089056619,chance_level_not_excluded,0.2084478791158746,0.174788581649339,0.24415072994309006,raw_discrimination_not_supported,-0.011684610366477166,-0.05663429287192294,0.03578546617395823,adaptation_effect_uncertain,0.7811972850804343,0.25889589569675064,0.20941741581954754,0.3102527561614482,residual_gap_remains,large_covariate_shift_detected;distribution_support_mismatch_detected;high_shift;probability_scale_shift;ranking_reversal_suspected;relationship_direction_instability,False,direction_specific,,not_preregistered_no_post_hoc_addition,step10_final_report_protocol
manavgat_2021,montiferru_2021,thermal,raw_source_only,burnable_tree_shrub_grass,2544,539,0.5178084473417569,0.4743159873464208,0.5631970473576339,chance_level_not_excluded,0.24319094268194025,0.20527875785137242,0.29220153179054725,raw_discrimination_not_supported,,,,,,,,,,large_covariate_shift_detected;distribution_support_mismatch_detected;high_shift;probability_scale_shift;ranking_reversal_suspected;relationship_direction_instability,False,direction_specific,0.21616084349639064,available,step9_transfer_metrics
manavgat_2021,montiferru_2021,thermal,regionwise_zscore,burnable_tree_shrub_grass,2544,539,0.5267545422158888,0.48387540177926647,0.5677190502349229,chance_level_not_excluded,0.2091878478679505,0.17694843599870494,0.2462689461168592,raw_discrimination_not_supported,0.008946094874131894,-0.03902207002699286,0.05456771610387382,adaptation_effect_uncertain,0.8826347859479317,0.35588024373204286,0.31144658417858434,0.40466270397842014,residual_gap_remains,large_covariate_shift_detected;distribution_support_mismatch_detected;high_shift;probability_scale_shift;ranking_reversal_suspected;relationship_direction_instability,False,direction_specific,,not_preregistered_no_post_hoc_addition,step10_final_report_protocol
manavgat_2021,montiferru_2021,thermal,coral_after_regionwise_zscore,burnable_tree_shrub_grass,2544,539,0.5050120524292238,0.46055136367797755,0.5470284607368491,chance_level_not_excluded,0.20279149626507642,0.17199260501476446,0.23983539823596314,raw_discrimination_not_supported,-0.012796394912533149,-0.058499439030229215,0.032182021277495934,adaptation_effect_uncertain,0.8826347859479317,0.3776227335187079,0.32976145335362833,0.42460110678169316,residual_gap_remains,large_covariate_shift_detected;distribution_support_mismatch_detected;high_shift;probability_scale_shift;ranking_reversal_suspected;relationship_direction_instability,False,direction_specific,,not_preregistered_no_post_hoc_addition,step10_final_report_protocol
montiferru_2021,manavgat_2021,baseline,raw_source_only,burnable_tree_shrub_grass,20511,2935,0.3379486623776111,0.3185648301353469,0.35589165825867347,bootstrap_supported_below_chance,0.10149748008899191,0.0935037411193163,0.10955578425487279,raw_discrimination_not_supported,,,,,,,,,,large_covariate_shift_detected;distribution_support_mismatch_detected;high_shift;probability_scale_shift;ranking_reversal_suspected;relationship_direction_instability,True,direction_specific,0.4494142197956299,available,step9_transfer_metrics
montiferru_2021,manavgat_2021,baseline,regionwise_zscore,burnable_tree_shrub_grass,20511,2935,0.4796763183340454,0.45770756756753733,0.5017426912376145,chance_level_not_excluded,0.14633739464730725,0.13341359328298583,0.15980908878615785,raw_discrimination_not_supported,0.14172765595643427,0.12496679685549263,0.15876832844337294,adaptation_supported,0.8411807102607785,0.36150439192673306,0.3337955871400575,0.3890670577692905,residual_gap_remains,large_covariate_shift_detected;distribution_support_mismatch_detected;high_shift;probability_scale_shift;ranking_reversal_suspected;relationship_direction_instability,True,direction_specific,,not_preregistered_no_post_hoc_addition,step10_final_report_protocol
montiferru_2021,manavgat_2021,baseline,coral_after_regionwise_zscore,burnable_tree_shrub_grass,20511,2935,0.5337376777532317,0.5141287003638353,0.5551630436280014,bootstrap_supported_above_chance,0.16599706400692318,0.15181291048047374,0.18049813755364003,raw_discrimination_not_supported,0.19578901537562055,0.17505684912510555,0.21443678351722967,adaptation_supported,0.8411807102607785,0.3074430325075468,0.2828785732546655,0.3321989618866798,residual_gap_remains,large_covariate_shift_detected;distribution_support_mismatch_detected;high_shift;probability_scale_shift;ranking_reversal_suspected;relationship_direction_instability,True,direction_specific,,not_preregistered_no_post_hoc_addition,step10_final_report_protocol
montiferru_2021,manavgat_2021,thermal,raw_source_only,burnable_tree_shrub_grass,20511,2935,0.40410656586843297,0.38485502567963764,0.42157178810788676,bootstrap_supported_below_chance,0.11309560200174143,0.10420867754610579,0.12206682238719879,raw_discrimination_not_supported,,,,,,,,,,large_covariate_shift_detected;distribution_support_mismatch_detected;high_shift;probability_scale_shift;ranking_reversal_suspected;relationship_direction_instability,True,direction_specific,0.3099108239042197,available,step9_transfer_metrics
montiferru_2021,manavgat_2021,thermal,regionwise_zscore,burnable_tree_shrub_grass,20511,2935,0.3879846123605133,0.366832593807202,0.4080869683565486,bootstrap_supported_below_chance,0.11903533750412558,0.108668217958559,0.12989895117150568,raw_discrimination_not_supported,-0.016121953507919673,-0.02669313781945439,-0.004692346608345996,adaptation_degraded_transfer,0.90807357717935,0.5200889648188367,0.49569972219156605,0.5456771611542298,residual_gap_remains,large_covariate_shift_detected;distribution_support_mismatch_detected;high_shift;probability_scale_shift;ranking_reversal_suspected;relationship_direction_instability,True,direction_specific,,not_preregistered_no_post_hoc_addition,step10_final_report_protocol
montiferru_2021,manavgat_2021,thermal,coral_after_regionwise_zscore,burnable_tree_shrub_grass,20511,2935,0.4360785072411737,0.41566814833793114,0.45644376512412277,bootstrap_supported_below_chance,0.12515209110497844,0.11484952763475426,0.13634032554319325,raw_discrimination_not_supported,0.03197194137274073,0.02052869257783591,0.044777225793530266,adaptation_supported,0.90807357717935,0.4719950699381763,0.4489888145851725,0.4963981362034686,residual_gap_remains,large_covariate_shift_detected;distribution_support_mismatch_detected;high_shift;probability_scale_shift;ranking_reversal_suspected;relationship_direction_instability,True,direction_specific,,not_preregistered_no_post_hoc_addition,step10_final_report_protocol
manavgat_2021,mugla_2021,baseline,raw_source_only,burnable_tree_shrub_grass,41730,2911,0.4656065622633644,0.44622655535383887,0.4849614239882339,bootstrap_supported_below_chance,0.06519776046968895,0.059588523869591695,0.07096724548834095,raw_discrimination_not_supported,,,,,,,,,,large_covariate_shift_detected;high_shift;probability_scale_shift;ranking_reversal_suspected;relationship_direction_instability,True,direction_specific,0.2320813380941932,available,step9_transfer_metrics
manavgat_2021,mugla_2021,baseline,regionwise_zscore,burnable_tree_shrub_grass,41730,2911,0.4612404844585688,0.44384152963115997,0.4784474083980121,bootstrap_supported_below_chance,0.060960667912937874,0.05623872550710885,0.06578024215551068,raw_discrimination_not_supported,-0.004366077804795587,-0.016134229214429228,0.007364076843450134,adaptation_effect_uncertain,0.7433200295403336,0.2820795450817648,0.2571876793433769,0.3059168327495965,residual_gap_remains,large_covariate_shift_detected;high_shift;probability_scale_shift;ranking_reversal_suspected;relationship_direction_instability,True,direction_specific,,not_preregistered_no_post_hoc_addition,step10_final_report_protocol
manavgat_2021,mugla_2021,baseline,coral_after_regionwise_zscore,burnable_tree_shrub_grass,41730,2911,0.4753198942508232,0.45745356303987267,0.4940045607331551,bootstrap_supported_below_chance,0.06408822149528663,0.058882242982284436,0.06920700891345392,raw_discrimination_not_supported,0.009713331987458829,-0.0006185555394165542,0.02017543155450132,adaptation_effect_uncertain,0.7433200295403336,0.2680001352895104,0.2419681318283001,0.29337825279526364,residual_gap_remains,large_covariate_shift_detected;high_shift;probability_scale_shift;ranking_reversal_suspected;relationship_direction_instability,True,direction_specific,,not_preregistered_no_post_hoc_addition,step10_final_report_protocol
manavgat_2021,mugla_2021,thermal,raw_source_only,burnable_tree_shrub_grass,41730,2911,0.4376617829318566,0.4177023457506474,0.4561897693947969,bootstrap_supported_below_chance,0.05951686892404788,0.05474683243460814,0.06464152167247685,raw_discrimination_not_supported,,,,,,,,,,large_covariate_shift_detected;high_shift;probability_scale_shift;ranking_reversal_suspected;relationship_direction_instability,True,direction_specific,0.23348500370330705,available,step9_transfer_metrics
manavgat_2021,mugla_2021,thermal,regionwise_zscore,burnable_tree_shrub_grass,41730,2911,0.4267463273627929,0.4082574008576067,0.4438949066036892,bootstrap_supported_below_chance,0.05742824987998013,0.05284759571559151,0.06206933840010737,raw_discrimination_not_supported,-0.010915455569063703,-0.026519953350867174,0.0038064751062877843,adaptation_effect_uncertain,0.8589830389802724,0.4322367116174795,0.408745289294786,0.45665597117178397,residual_gap_remains,large_covariate_shift_detected;high_shift;probability_scale_shift;ranking_reversal_suspected;relationship_direction_instability,True,direction_specific,,not_preregistered_no_post_hoc_addition,step10_final_report_protocol
manavgat_2021,mugla_2021,thermal,coral_after_regionwise_zscore,burnable_tree_shrub_grass,41730,2911,0.41742050141736736,0.39802033550840654,0.43624211627761816,bootstrap_supported_below_chance,0.057108657720288655,0.05264575765901956,0.06183990649316968,raw_discrimination_not_supported,-0.02024128151448923,-0.03388032787129526,-0.006750368019519916,adaptation_degraded_transfer,0.8589830389802724,0.44156253756290503,0.417484970149583,0.4663895660947977,residual_gap_remains,large_covariate_shift_detected;high_shift;probability_scale_shift;ranking_reversal_suspected;relationship_direction_instability,True,direction_specific,,not_preregistered_no_post_hoc_addition,step10_final_report_protocol
mugla_2021,manavgat_2021,baseline,raw_source_only,burnable_tree_shrub_grass,20511,2935,0.4222591457764537,0.40769257367130446,0.4374351255743125,bootstrap_supported_below_chance,0.11374056637797869,0.10520208257938735,0.12228962090184087,raw_discrimination_not_supported,,,,,,,,,,large_covariate_shift_detected;distribution_support_mismatch_detected;high_shift;probability_scale_shift;ranking_reversal_suspected;relationship_direction_instability,True,direction_specific,0.2449638822344167,available,step9_transfer_metrics
mugla_2021,manavgat_2021,baseline,regionwise_zscore,burnable_tree_shrub_grass,20511,2935,0.5040034846961049,0.48720886443408445,0.5218849187860792,chance_level_not_excluded,0.14387269504148395,0.13264115089248335,0.15688803602683862,raw_discrimination_not_supported,0.08174433891965122,0.06581872233742138,0.09922937405647238,adaptation_supported,0.8411807102607785,0.33717722556467355,0.314017031169483,0.3595006475226525,residual_gap_remains,large_covariate_shift_detected;distribution_support_mismatch_detected;high_shift;probability_scale_shift;ranking_reversal_suspected;relationship_direction_instability,True,direction_specific,,not_preregistered_no_post_hoc_addition,step10_final_report_protocol
mugla_2021,manavgat_2021,baseline,coral_after_regionwise_zscore,burnable_tree_shrub_grass,20511,2935,0.5169926816729333,0.5015540942096405,0.5339962639802747,bootstrap_supported_above_chance,0.143924054924037,0.13284297994620664,0.15553953478621488,raw_discrimination_not_supported,0.09473353589647965,0.07971727014053702,0.11029022676951893,adaptation_supported,0.8411807102607785,0.3241880285878451,0.30338564305111104,0.3450948478976902,residual_gap_remains,large_covariate_shift_detected;distribution_support_mismatch_detected;high_shift;probability_scale_shift;ranking_reversal_suspected;relationship_direction_instability,True,direction_specific,,not_preregistered_no_post_hoc_addition,step10_final_report_protocol
mugla_2021,manavgat_2021,thermal,raw_source_only,burnable_tree_shrub_grass,20511,2935,0.3449553227686198,0.3307362995658431,0.3588812370205733,bootstrap_supported_below_chance,0.1007227330135432,0.0935933948991621,0.10798807525938878,raw_discrimination_not_supported,,,,,,,,,,large_covariate_shift_detected;distribution_support_mismatch_detected;high_shift;probability_scale_shift;ranking_reversal_suspected;relationship_direction_instability,True,direction_specific,0.2457775976327831,available,step9_transfer_metrics
mugla_2021,manavgat_2021,thermal,regionwise_zscore,burnable_tree_shrub_grass,20511,2935,0.4848188621001691,0.4679376343414603,0.5022423156481952,chance_level_not_excluded,0.13515389825055135,0.12469481191115032,0.14640959152052407,raw_discrimination_not_supported,0.13986353933154932,0.12313053493704708,0.1579851349966823,adaptation_supported,0.90807357717935,0.4232547150791809,0.4029093152359473,0.4417361248060513,residual_gap_remains,large_covariate_shift_detected;distribution_support_mismatch_detected;high_shift;probability_scale_shift;ranking_reversal_suspected;relationship_direction_instability,True,direction_specific,,not_preregistered_no_post_hoc_addition,step10_final_report_protocol
mugla_2021,manavgat_2021,thermal,coral_after_regionwise_zscore,burnable_tree_shrub_grass,20511,2935,0.4761153896555548,0.4595307002838855,0.49261486017373785,bootstrap_supported_below_chance,0.13380908190988589,0.12325390160681615,0.14495378870884276,raw_discrimination_not_supported,0.131160066886935,0.11551369802227203,0.14686876791359352,adaptation_supported,0.90807357717935,0.4319581875237952,0.41250107965752136,0.44995938013939013,residual_gap_remains,large_covariate_shift_detected;distribution_support_mismatch_detected;high_shift;probability_scale_shift;ranking_reversal_suspected;relationship_direction_instability,True,direction_specific,,not_preregistered_no_post_hoc_addition,step10_final_report_protocol
montiferru_2021,mugla_2021,baseline,raw_source_only,burnable_tree_shrub_grass,41730,2911,0.6512032487818435,0.6347654907335513,0.667565377332467,bootstrap_supported_above_chance,0.12418946741262851,0.11158625767644284,0.13918815513220548,raw_roc_and_pr_supported,,,,,,,,,,large_covariate_shift_detected;distribution_support_mismatch_detected;high_shift;probability_scale_shift;relationship_direction_instability,False,direction_specific,0.2822289091333175,available,step9_transfer_metrics
montiferru_2021,mugla_2021,baseline,regionwise_zscore,burnable_tree_shrub_grass,41730,2911,0.6299301590911015,0.6132605729541819,0.6458010350289975,bootstrap_supported_above_chance,0.14086409715529885,0.1246375832519991,0.1606547068699503,raw_roc_and_pr_supported,-0.021273089690742042,-0.03954762255477785,-0.002514845075541525,adaptation_degraded_transfer,0.7433200295403336,0.1133898704492321,0.09768422109230472,0.12831633124241928,residual_gap_remains,large_covariate_shift_detected;distribution_support_mismatch_detected;high_shift;probability_scale_shift;relationship_direction_instability,False,direction_specific,,not_preregistered_no_post_hoc_addition,step10_final_report_protocol
montiferru_2021,mugla_2021,baseline,coral_after_regionwise_zscore,burnable_tree_shrub_grass,41730,2911,0.6322589209374845,0.6155970266759292,0.6494384910334697,bootstrap_supported_above_chance,0.12733869436981224,0.11365336956792872,0.1425536511417853,raw_roc_and_pr_supported,-0.018944327844359066,-0.03906308725957174,0.0006935292230269449,adaptation_effect_uncertain,0.7433200295403336,0.11106110860284912,0.09486330476605034,0.12716947591098143,residual_gap_remains,large_covariate_shift_detected;distribution_support_mismatch_detected;high_shift;probability_scale_shift;relationship_direction_instability,False,direction_specific,,not_preregistered_no_post_hoc_addition,step10_final_report_protocol
montiferru_2021,mugla_2021,thermal,raw_source_only,burnable_tree_shrub_grass,41730,2911,0.6193519007685069,0.6042787356947583,0.6343128764211556,bootstrap_supported_above_chance,0.0886887632396203,0.08163679533721871,0.09628926354284895,raw_roc_and_pr_supported,,,,,,,,,,large_covariate_shift_detected;distribution_support_mismatch_detected;high_shift;probability_scale_shift;relationship_direction_instability,False,direction_specific,0.20159209219016944,available,step9_transfer_metrics
montiferru_2021,mugla_2021,thermal,regionwise_zscore,burnable_tree_shrub_grass,41730,2911,0.5759383216467225,0.5618336621699772,0.5894226282488194,bootstrap_supported_above_chance,0.08032653268842897,0.07372908852727195,0.08737684430965972,raw_roc_and_pr_supported,-0.04341357912178434,-0.05748203364347838,-0.028786450118941972,adaptation_degraded_transfer,0.8589830389802724,0.28304471733354986,0.267668710609294,0.29999581814240334,residual_gap_remains,large_covariate_shift_detected;distribution_support_mismatch_detected;high_shift;probability_scale_shift;relationship_direction_instability,False,direction_specific,,not_preregistered_no_post_hoc_addition,step10_final_report_protocol
montiferru_2021,mugla_2021,thermal,coral_after_regionwise_zscore,burnable_tree_shrub_grass,41730,2911,0.5649497745214649,0.5499669328507472,0.579170354844776,bootstrap_supported_above_chance,0.08507846863101934,0.07675938898248126,0.0943977278543194,raw_roc_and_pr_supported,-0.05440212624704199,-0.07205140746559414,-0.036730737280561775,adaptation_degraded_transfer,0.8589830389802724,0.2940332644588075,0.27698442203257767,0.3111095523915689,residual_gap_remains,large_covariate_shift_detected;distribution_support_mismatch_detected;high_shift;probability_scale_shift;relationship_direction_instability,False,direction_specific,,not_preregistered_no_post_hoc_addition,step10_final_report_protocol
mugla_2021,montiferru_2021,baseline,raw_source_only,burnable_tree_shrub_grass,2544,539,0.6105251713018012,0.5707068969179695,0.6533693535767473,bootstrap_supported_above_chance,0.2825954007520012,0.23422978839277364,0.33848199351949143,raw_roc_and_pr_supported,,,,,,,,,,large_covariate_shift_detected;distribution_support_mismatch_detected;high_shift;probability_scale_shift;relationship_direction_instability,False,direction_specific,0.18226030790980596,available,step9_transfer_metrics
mugla_2021,montiferru_2021,baseline,regionwise_zscore,burnable_tree_shrub_grass,2544,539,0.651472432092311,0.6143168306351452,0.6888286947958028,bootstrap_supported_above_chance,0.36967446378660795,0.30775833752862475,0.43408769895466986,raw_roc_and_pr_supported,0.04094726079050981,0.003429433153775474,0.07932252216926458,adaptation_supported,0.7811972850804343,0.1297248529881233,0.09336185292077236,0.166193198494877,residual_gap_remains,large_covariate_shift_detected;distribution_support_mismatch_detected;high_shift;probability_scale_shift;relationship_direction_instability,False,direction_specific,,not_preregistered_no_post_hoc_addition,step10_final_report_protocol
mugla_2021,montiferru_2021,baseline,coral_after_regionwise_zscore,burnable_tree_shrub_grass,2544,539,0.6170547656831946,0.5773693763133949,0.6558631749909002,bootstrap_supported_above_chance,0.3427788269281981,0.2804632452775137,0.40597702827839166,raw_roc_and_pr_supported,0.006529594381393444,-0.032474692493131924,0.04378197648596474,adaptation_effect_uncertain,0.7811972850804343,0.16414251939723967,0.12581862601840046,0.20269040984193634,residual_gap_remains,large_covariate_shift_detected;distribution_support_mismatch_detected;high_shift;probability_scale_shift;relationship_direction_instability,False,direction_specific,,not_preregistered_no_post_hoc_addition,step10_final_report_protocol
mugla_2021,montiferru_2021,thermal,raw_source_only,burnable_tree_shrub_grass,2544,539,0.5312433202707516,0.4945820166635634,0.567525836738845,chance_level_not_excluded,0.21430398922752314,0.18151383206293814,0.24969667886363422,raw_discrimination_not_supported,,,,,,,,,,large_covariate_shift_detected;distribution_support_mismatch_detected;high_shift;probability_scale_shift;relationship_direction_instability,False,direction_specific,0.1804264929503373,available,step9_transfer_metrics
mugla_2021,montiferru_2021,thermal,regionwise_zscore,burnable_tree_shrub_grass,2544,539,0.5870111363520698,0.5494272968236976,0.6241094993220929,bootstrap_supported_above_chance,0.27610255992602845,0.22589968062370858,0.33014711744847913,raw_discrimination_not_supported,0.0557678160813182,0.012814920227863786,0.10062252195584631,adaptation_supported,0.8826347859479317,0.29562364959586185,0.25340184355588646,0.3365039145541453,residual_gap_remains,large_covariate_shift_detected;distribution_support_mismatch_detected;high_shift;probability_scale_shift;relationship_direction_instability,False,direction_specific,,not_preregistered_no_post_hoc_addition,step10_final_report_protocol
mugla_2021,montiferru_2021,thermal,coral_after_regionwise_zscore,burnable_tree_shrub_grass,2544,539,0.583848356844438,0.546609250527778,0.6228974652038468,bootstrap_supported_above_chance,0.2744481546270525,0.22908329862796212,0.32685545377944986,raw_discrimination_not_supported,0.052605036573686426,0.0067810895235763035,0.09815803655183987,adaptation_supported,0.8826347859479317,0.2987864291034936,0.2571451013898497,0.33910870058228265,residual_gap_remains,large_covariate_shift_detected;distribution_support_mismatch_detected;high_shift;probability_scale_shift;relationship_direction_instability,False,direction_specific,,not_preregistered_no_post_hoc_addition,step10_final_report_protocol
